소재지전체주소,도로명전체주소,사업장명,위도,경도,업태구분명,kakao_star,kakao_star_nums,kakao_blog_review
사당동,"서울특별시 강남구 강남대로156길 14 (신사동,지상1층)",히로,37.5180502,127.020401,고기,4,2,4
신월동,"서울특별시 강남구 강남대로 502, 서희빌딩 지하1층 (논현동)",서울갈비숯불화로구이,37.5071435,127.0236892,고기,5,2,0
봉천동,서울특별시 강남구 강남대로94길 59 (역삼동),낙성푸줏간,37.5006571,127.0320926,고기,3.3,10,90
봉천동,"서울특별시 강남구 강남대로158길 26, 지상1층 (신사동)",삼다돈가,37.519192,127.0209252,고기,2.8,5,4
이문동,"서울특별시 강남구 강남대로122길 52 (논현동,지상1층)",꼬기92,37.5089968,127.027192,고기,5,3,8
화양동,"서울특별시 강남구 강남대로158길 9, 지상1층 101호 (신사동)",화양양고기꼬치전문점,37.5189555,127.0197659,고기,4.8,9,27
도곡동,"서울특별시 강남구 강남대로 438 (역삼동,2층 214,215호)",소우락 도곡점,37.5016424,127.0263372,고기,2.8,4,3
목동,"서울특별시 강남구 강남대로 358 (역삼동,지하1층)",안동돼지갈비,37.4950692,127.0298087,고기,3.3,29,29
방학동,"서울특별시 강남구 강남대로162길 18, 지상1층 (신사동)",태능갈비,37.5199334,127.0200648,고기,0,0,0
성수동2가,"서울특별시 강남구 강남대로152길 23, 지하1층 B02호 (신사동)",잠수교집,37.5176911,127.0212391,고기,3.5,29,105
청량리동,"서울특별시 강남구 강남대로122길 22, 지상1층 (논현동)",명품참숯화로구이,37.5081115,127.024821,고기,0,0,2
장안동,서울특별시 강남구 강남대로122길 9 (논현동),만나고쪽갈비,37.5078519,127.0239286,고기,0,0,0
가산동,"서울특별시 강남구 강남대로 416 (역삼동,2층)",명품생고기,37.4998129,127.0271777,고기,5,1,1
상도동,서울특별시 강남구 강남대로78길 25 (역삼동),뿔발 상도점,37.4954383,127.0312865,고기,0,0,1
여의도동,"서울특별시 강남구 강남대로114길 20, 지하1층 5호 (논현동)",황소갈비,37.5059255,127.0258748,고기,3.8,4,16
송파동,"서울특별시 강남구 강남대로84길 33 (역삼동,지하1층114호)",명품 횡성한우촌,37.4975461,127.0310934,고기,3.7,3,0
독산동,"서울특별시 강남구 강남대로 412 (역삼동,지하1층)",말뚝곱창 금천롯데캐슬점,37.4995184,127.0272984,고기,3,6,11
성수동1가,"서울특별시 강남구 강남대로120길 9, 1층,2층 (논현동)",스모크 피기,37.5071472,127.0242989,고기,5,3,18
구로동,"서울특별시 강남구 강남대로94길 28, 유니언타운 강남 지하2층 주방11호 (역삼동)",미소정육식당,37.4996515,127.0296218,고기,2.2,5,32
석촌동,"서울특별시 강남구 강남대로120길 12, 지상1층 (논현동)",맛찬들 삼겹,37.5070521,127.0245515,고기,0,0,0
미아동,"서울특별시 강남구 강남대로124길 23, 지상1층 102,103호 (논현동)",대박곱창,37.5093663,127.0245394,고기,5,1,0
방학동,"서울특별시 강남구 강남대로152길 63, 지하1,지상1층 (신사동)",돈사구,37.518918,127.0242503,고기,0,0,0
상계동,"서울특별시 강남구 강남대로136길 63, 1층 (논현동)",꼬꼬야숯불뜨겁니!,37.5145162,127.0254447,고기,4.3,3,4
월계동,"서울특별시 강남구 강남대로128길 22, 1층 102호 (논현동)",고려숯불갈비,37.51008,127.0241275,고기,0,0,0
신대방동,"서울특별시 강남구 강남대로136길 5-4, 지하1층 10호 (논현동)",더꼬치다,37.5133317,127.0213464,고기,1.5,2,0
송정동,서울특별시 강남구 강남대로110길 16 (역삼동),고바우생삼겹,37.5038001,127.0262428,고기,5,3,0
독산동,"서울특별시 강남구 강남대로146길 28, 201동 지하1층 7호 (논현동, 논현아파트)",농협안심한우마을,37.5148589,127.0228831,고기,2.6,8,9
장안동,"서울특별시 강남구 강남대로94길 57, 지하1층 (역삼동)",부타,37.5006068,127.0319109,고기,0,0,10
봉천동,"서울특별시 강남구 강남대로156길 33 (신사동,지상1층)",소랑돼지랑,37.5188895,127.0217755,고기,4.5,2,17
쌍문동,"서울특별시 강남구 강남대로 240, 지하1층 B111,B113,B117호 (도곡동, 양재SK허브프리모)",고기,37.4852658,127.0344506,고기,4.3,81,34
상도동,"서울특별시 강남구 강남대로128길 38, 지상1층 101호 (논현동)",마라양꼬치,37.5107025,127.0251973,고기,0,0,2
중계동,"서울특별시 강남구 강남대로136길 5-4, 지하1층 14호 (논현동)",중계동 삼겹살,37.5133317,127.0213464,고기,5,1,8
면목동,"서울특별시 강남구 강남대로102길 22 (역삼동,지하1층)",고깃집 경훈이네,37.5023779,127.0274312,고기,3,2,46
성내동,"서울특별시 강남구 강남대로58길 18, 지상1층 (도곡동, 서종빌딩)",참토우,37.4894494,127.0336782,고기,4.7,5,2
성내동,"서울특별시 강남구 강남대로124길 20, 1층 105호 (논현동)",고기가,37.509054,127.0242365,고기,3.5,2,10
창동,"서울특별시 강남구 강남대로94길 83, 지상1층,2층 (역삼동)",전주 언니네,37.5008574,127.0339545,고기,5,1,4
도봉동,"서울특별시 강남구 강남대로156길 28-2, 지상1층 (신사동)",반값소,37.5184832,127.0215533,고기,3.4,5,1
가락동,"서울특별시 강남구 강남대로62길 31 (역삼동,지하1층)",화이즈미,37.4909879,127.034042,고기,5,2,6
수유동,"서울특별시 강남구 강남대로158길 15, 1층 (신사동)",빠라삐리뽀,37.5190939,127.0201597,고기,0,0,2
등촌동,서울특별시 강남구 강남대로150길 10 (논현동),한우등촌골,37.5157817,127.0207163,고기,3.3,14,19
목동,서울특별시 강남구 강남대로 620 (신사동),제주백도새기,37.5171485,127.0197123,고기,0,0,17
중곡동,"서울특별시 강남구 강남대로124길 39, 지하1층 105호 (논현동)",안흥갈비중곡점,37.5096862,127.0256295,고기,5,2,22
신당동,"서울특별시 강남구 강남대로84길 33 (역삼동,대우디오빌지하1층101호)",돈꼬불,37.4975461,127.0310934,고기,5,2,1
서초동,"서울특별시 강남구 강남대로100길 13, 지상2층 (역삼동)",육즙을 품다,37.5018446,127.0272056,고기,3.3,18,120
미아동,"서울특별시 강남구 강남대로122길 56, 1층 103호 (논현동)",큰두레 숯불갈비,37.5091453,127.0273365,고기,5,8,131
봉천동,"서울특별시 강남구 강남대로48길 23, 1층 (도곡동, 호정빌딩)",진아구 낙성대점,37.4873509,127.0349084,고기,5,2,1
상도동,"서울특별시 강남구 강남대로66길 14, 1층 101호 (역삼동)",일경 양대창&방랑떡볶이,37.4917691,127.0318188,고기,3.3,3,39
우면동,"서울특별시 강남구 강남대로102길 16, 3층 (역삼동)",우리소,37.5020885,127.0272009,고기,3.5,2,0
서초동,서울특별시 강남구 강남대로118길 11 (논현동),삼백식당,37.5066909,127.024556,고기,2.7,10,89
독산동,"서울특별시 강남구 강남대로94길 87 (역삼동,지상2층)",말뚝곱창8호,37.5009124,127.034255,고기,4,6,23
답십리동,"서울특별시 강남구 강남대로122길 39, 지상1층 101호 (논현동)",연안식당답십리사거리점,37.5087531,127.0260782,고기,3.5,2,22
봉천동,"서울특별시 강남구 강남대로94길 83, 지상2층 (역삼동)",고앤고,37.5008574,127.0339545,고기,4.6,18,29
신사동,"서울특별시 강남구 강남대로 342 (역삼동,지상1층)",소고집,37.4936874,127.0302304,고기,5,2,5
자양동,"서울특별시 강남구 강남대로152길 69, 2층 (신사동)",성수갈비,37.519129,127.0247611,고기,4.2,7,6
도곡동,서울특별시 강남구 강남대로124길 48 (논현동),사람사는고깃집 김일도도곡점,37.5098826,127.0261498,고기,3.8,4,43
황학동,"서울특별시 강남구 강남대로118길 70, 1층 104호 (논현동)",청춘삼겹살,37.5070075,127.0285306,고기,1,2,230
방이동,"서울특별시 강남구 강남대로120길 40, 지상1층 (논현동)",원조 부산 양곱창,37.5076344,127.0266038,고기,0,0,0
노량진동,서울특별시 강남구 강남대로156길 40 (신사동),큰손 갈비,37.5188994,127.022352,고기,5,2,1
장위동,서울특별시 강남구 강남대로94길 59 (역삼동),보보상회,37.5006571,127.0320926,고기,0,0,2
마곡동,"서울특별시 강남구 강남대로 438, 3층 305,306호 (역삼동, 스타플랙스)",촌놈숯불닭갈비,37.5016424,127.0263372,고기,5,2,37
암사동,서울특별시 강남구 강남대로 390 (역삼동),암사쪽갈비,37.497901,127.028709,고기,0,0,2
낙원동,"서울특별시 강남구 강남대로114길 23 (논현동,지상1층)",낙원 생삼겹살,37.506286,127.0261493,고기,4.8,5,10
홍제동,"서울특별시 강남구 강남대로 310, 유니온센터오피스텔 지하1층 59호 (역삼동)",압구정닭꼬치,37.4909898,127.0315025,고기,5,3,3
상계동,"서울특별시 강남구 강남대로152길 14 (신사동,1층)",수향숯불갈비,37.5171551,127.0207176,고기,4.5,3,6
공릉동,"서울특별시 강남구 강남대로84길 16, 제이스타워 지하1층 (역삼동)",삼정종합어시장,37.4966992,127.0300404,고기,4,4,16
신림동,"서울특별시 강남구 강남대로58길 12 (도곡동,지상1층)",구이가 녹두거리점,37.4892721,127.0330746,고기,5,1,1
방학동,"서울특별시 강남구 강남대로126길 34, 지상1층 (논현동)",도봉산숯불갈비,37.5099141,127.0252227,고기,4,1,43
상계동,"서울특별시 강남구 강남대로 250, 심현빌딩 지상1층 (도곡동)",인생갈비,37.4858736,127.0338898,고기,5,3,14
도봉동,"서울특별시 강남구 강남대로110길 13 (역삼동,지상1층)",명륜진사갈비 도봉산점,37.504037,127.0259474,고기,3.7,3,13
창천동,"서울특별시 강남구 강남대로114길 15, 1층 (논현동)",제주돈1848,37.5061011,127.0255544,고기,4.1,9,39
돈암동,"서울특별시 강남구 강남대로118길 26 (논현동,지상1층)",가나다라생고기,37.5067809,127.0255374,고기,0,0,0
사당동,"서울특별시 강남구 강남대로128길 27, 지상1층 104호 (논현동, 새호시티라이프빌딩)",신선채,37.5104292,127.0243468,고기,0,1,0
진관동,"서울특별시 강남구 강남대로118길 61 (논현동,지상1층)",북한산 정육식당,37.5073493,127.0279227,고기,4.5,2,17
가산동,"서울특별시 강남구 강남대로160길 28, 지상6층 (신사동)",돈화몽,37.5197653,127.0210604,고기,3.9,11,14
논현동,"서울특별시 강남구 강남대로94길 23, 지하1층 (역삼동)",호루몬 규상,37.4997576,127.0292119,고기,4.8,5,53
상계동,"서울특별시 강남구 강남대로124길 3-6, 1층 101호 (논현동)",덕유산숯불구이,37.509078,127.0230903,고기,4,1,1
사당동,"서울특별시 강남구 강남대로62길 33 (역삼동,지상1층)",오직고기 이수점,37.4910478,127.0342122,고기,0,0,3
녹번동,"서울특별시 강남구 강남대로 520 (논현동,지상1층)",육부장 정육식당,37.5086776,127.0230647,고기,5,3,5
둔촌동,"서울특별시 강남구 강남대로114길 10, 2층 201호 (논현동)",THE소,37.5057453,127.0252233,고기,4.8,14,13
사당동,"서울특별시 강남구 강남대로84길 15, 지하1층 B101호,B102호 (역삼동)",헬로바베큐 포차,37.4970041,127.0298544,고기,0,0,0
중림동,"서울특별시 강남구 강남대로118길 64, 지하1층 (논현동)",갈비정,37.5071121,127.0279962,고기,3.3,3,3
신월동,"서울특별시 강남구 강남대로 324, 역삼디오슈페리움 지상1층 101호,103호 (역삼동)",장충동왕족발,37.4921576,127.030983,고기,0,0,0
방학동,"서울특별시 강남구 강남대로152길 33, 지상1층 (신사동)",알콜상회,37.5180254,127.0220375,고기,0,0,4
양재동,"서울특별시 강남구 강남대로110길 24, 지상1층 (역삼동)",낭만삼겹살,37.5036797,127.0267984,고기,4.7,3,25
상봉동,"서울특별시 강남구 강남대로102길 16 (역삼동,지상1층)",제주돈선생,37.5020885,127.0272009,고기,5,2,7
충무로3가,"서울특별시 강남구 강남대로96길 11-4 (역삼동,지상1층)",래리더버드,37.5001115,127.0280669,고기,0,0,1
삼성동,"서울특별시 강남구 강남대로 292, 뱅뱅빌딩 지하1층 (도곡동)",더 포터하우스,37.4893844,127.0322141,고기,5,1,9
가산동,"서울특별시 강남구 강남대로106길 14 (역삼동,지상1층)",가산 생갈비,37.5029254,127.026679,고기,5,2,13
도봉동,"서울특별시 강남구 강남대로78길 12 (역삼동,(B2))",여수밤바다횟집,37.4948886,127.0303768,고기,0,0,1
오류동,"서울특별시 강남구 강남대로94길 11, 2층 (역삼동)",육구,37.4995598,127.0282643,고기,0,0,0
창동,서울특별시 강남구 강남대로156길 40 (신사동),화로상회쌍문역점,37.5188994,127.022352,고기,3.7,3,44
봉천동,서울특별시 강남구 강남대로78길 14 (역삼동),충청삼겹,37.4949101,127.0305726,고기,3.8,5,149
신림동,"서울특별시 강남구 강남대로162길 40, 1층 (신사동)",큰손숯불갈비,37.5207053,127.0216092,고기,3.5,12,16
상계동,"서울특별시 강남구 강남대로94길 15 (역삼동,지하1층)",램반장,37.499664,127.0285899,고기,5,2,1
신정동,"서울특별시 강남구 강남대로 310, 유니온센터오피스텔 지하1층 58호 (역삼동)",화돌농장,37.4909898,127.0315025,고기,3,2,0
삼선동5가,"서울특별시 강남구 강남대로 310, 지하1층 22호 (역삼동, 유니온오피스텔)",생고기촌,37.4909898,127.0315025,고기,0,0,0
가락동,"서울특별시 강남구 강남대로112길 14, 지상2층 (논현동)",우아한 갈비,37.5056452,127.0256248,고기,4.2,5,66
목동,서울특별시 강남구 강남대로114길 14 (논현동),꽃돼지,37.5058257,127.0254405,고기,3,2,43
가산동,"서울특별시 강남구 강남대로152길 15, 3층 (신사동)",돈일품,37.5174524,127.0206702,고기,5,1,7
봉천동,"서울특별시 강남구 강남대로94길 9, 지하1층,지하2층 (역삼동, 크리스탈빌딩)",본스테이크,37.4994987,127.0281055,고기,3,2,1
신림동,"서울특별시 강남구 강남대로156길 32, 지상1층 (신사동)",빈빈양꼬치,37.5186583,127.0218507,고기,5,1,17
이태원동,"서울특별시 강남구 강남대로102길 13-5 (역삼동,지상 1,2,3층)",소설옥,37.5022941,127.0267468,고기,3.7,10,22
상도동,"서울특별시 강남구 강남대로78길 18, 2층 (역삼동)",명갈비,37.4950391,127.0308946,고기,4.4,10,1
상암동,"서울특별시 강남구 강남대로94길 28, 유니언타운 강남 지하1층 5호 (역삼동)",램스애비뉴,37.4996515,127.0296218,고기,5,2,8
신월동,"서울특별시 강남구 강남대로 616, 지상18층 1801호 (신사동)",목장양꼬치,37.5168437,127.0198235,고기,5,1,10
목동,"서울특별시 강남구 강남대로 632, 지상1층 (신사동)",노랑통닭,37.5179831,127.0193626,고기,0,0,4
충무로2가,"서울특별시 강남구 강남대로 410, 지하1층 (역삼동)",백미옥,37.4993668,127.0273809,고기,5,1,16
신림동,"서울특별시 강남구 강남대로162길 27-16, 지상1층 (신사동)",왕대패생삼겹살,37.5211543,127.0214583,고기,1,1,1
가산동,"서울특별시 강남구 강남대로120길 31 (논현동,지상1층)",시스터,37.507636,127.0257052,고기,0,0,0
가락동,"서울특별시 강남구 강남대로120길 13, 1층 (논현동)",화돌농장,37.5072411,127.0245226,고기,5,1,2
창동,"서울특별시 강남구 강남대로66길 14, 지상2층 203,204호 (역삼동)",강가네 마포숯불갈비,37.4917691,127.0318188,고기,5,1,0
상계동,"서울특별시 강남구 강남대로96길 11 (역삼동,지상2층)",서서갈비 함흥냉면,37.4999241,127.0279241,고기,1,2,4
도봉동,서울특별시 강남구 강남대로78길 27 (역삼동),남원추어탕,37.4955043,127.0314654,고기,5,1,4
하계동,서울특별시 강남구 강남대로150길 10 (논현동),놀부부대찌개 & 철판구이 하계역점,37.5157817,127.0207163,고기,4.5,4,5
원효로2가,"서울특별시 강남구 강남대로100길 10 (역삼동,2층)",돼지먹기,37.5016418,127.0268898,고기,3.3,6,10
창동,"서울특별시 강남구 강남대로124길 68, 1층 101호 (논현동)",한우양곱창구이,37.5109661,127.0272126,고기,0,0,16
월계동,서울특별시 강남구 강남대로152길 14 (신사동),자연숯불화로구이,37.5171551,127.0207176,고기,5,1,0
방학동,"서울특별시 강남구 강남대로94길 89, 지상1층 (역삼동)",테트리스찜닭도봉점,37.5009723,127.034417,고기,0,0,2
도봉동,"서울특별시 강남구 강남대로84길 16 (역삼동,1층4호)",지우돼지갈비,37.4966992,127.0300404,고기,5,1,2
쌍문동,"서울특별시 강남구 강남대로44길 14, 지상1층 101호 (도곡동)",최진사댁 무한숯불 구이,37.4858637,127.0349655,고기,0,0,1
신림동,"서울특별시 강남구 강남대로120길 30, 103호 (논현동)",인생고기,37.5074773,127.0260233,고기,3.5,4,75
가산동,"서울특별시 강남구 강남대로106길 9 (역삼동,지하1층)",이가면옥,37.5030117,127.0263691,고기,0,0,5
화곡동,"서울특별시 강남구 강남대로152길 26, 지상2층 (신사동)",돈꽃,37.5175563,127.0215721,고기,5,3,19
쌍문동,"서울특별시 강남구 강남대로66길 7 (역삼동,지상1층104호)",지순이네고기집,37.4919076,127.0314508,고기,0,0,0
서초동,"서울특별시 강남구 강남대로110길 26, 1층 (역삼동)",마왕족발 교대점,37.5036398,127.0269722,고기,4,5,15
가락동,서울특별시 강남구 강남대로106길 15 (역삼동),돈통마늘보쌈,37.5031403,127.0268168,고기,0,0,8
상계동,"서울특별시 강남구 강남대로156길 47, 지상1층 (신사동)",황토숯불닭갈비,37.5192296,127.0226762,고기,5,1,2
논현동,서울특별시 강남구 강남대로146길 7-7 (논현동),민주식당 논현점,37.515258,127.020577,고기,5,3,77
독산동,서울특별시 강남구 강남대로94길 83 (역삼동),꼬치향,37.5008574,127.0339545,고기,0,0,0
번동,"서울특별시 강남구 강남대로124길 23, 지상101호 (논현동)",최가네양평해장국,37.5093663,127.0245394,고기,3.8,5,2
시흥동,"서울특별시 강남구 강남대로112길 28 (논현동,지하2층)",푸름상회,37.5057271,127.0266726,고기,4.7,7,35
신사동,"서울특별시 강남구 강남대로110길 15 (역삼동,지상1층)",신사만장어,37.5039949,127.0261871,고기,3,1,1
시흥동,"서울특별시 강남구 강남대로152길 35, 2층 (신사동)",은행나무 갈매기,37.5180951,127.0222144,고기,3.2,5,11
신림동,서울특별시 강남구 강남대로158길 10 (신사동),가장맛있는족발,37.5186947,127.0198032,고기,3,1,6
상계동,"서울특별시 강남구 강남대로94길 55-3, 1층 (역삼동)",꼬치당,37.5006556,127.0316153,고기,0,0,0
상봉동,"서울특별시 강남구 강남대로84길 33, 대우디오빌플러스 지하1층 108호 (역삼동)",청년고기장수 상봉점,37.4975461,127.0310934,고기,5,4,7
성수동1가,"서울특별시 강남구 강남대로 358, 지하1층 (역삼동)",태백집 성수점,37.4950692,127.0298087,고기,0,0,0
역삼동,"서울특별시 강남구 강남대로122길 14 (논현동,지상1층)",오륙도 숯불 산꼼장어,37.5078499,127.0243547,고기,1,1,0
독산동,"서울특별시 강남구 강남대로140길 6, 지하1층 (논현동)",참토우,37.5136801,127.0210382,고기,5,2,8
대림동,"서울특별시 강남구 강남대로114길 20, 지하1층 2호 (논현동)",행복한정육,37.5059255,127.0258748,고기,0,0,1
신설동,"서울특별시 강남구 강남대로122길 6 (논현동,1층)",수타생고기,37.5075046,127.023874,고기,4,5,181
사당동,"서울특별시 강남구 강남대로136길 5-4, 지하1층 4호 (논현동)",구구돈,37.5133317,127.0213464,고기,2.3,4,3
신림동,"서울특별시 강남구 강남대로160길 10 (신사동,지하1층)",고모네정육식당,37.5191643,127.0198305,고기,3.8,18,74
장안동,"서울특별시 강남구 강남대로124길 3-6, 지상2층 (논현동, 호은빌딩)",코다리 밥도둑 장안점,37.509078,127.0230903,고기,0,0,6
이태원동,"서울특별시 강남구 강남대로102길 13-3 (역삼동,지하1층,지상1,2,3층)",이태원더고깃집,37.5021687,127.0268136,고기,3.4,9,34
삼성동,"서울특별시 강남구 강남대로124길 10, 지상1층 (논현동)",길목,37.508859,127.0235041,고기,5,5,0
도봉동,"서울특별시 강남구 강남대로162길 21 (신사동,지상1층)",서신,37.5202296,127.0202022,고기,4.3,3,2
동자동,"서울특별시 강남구 강남대로118길 62 (논현동,지하1층)",통큰소한마리,37.507149,127.0278709,고기,4.3,4,6
성수동1가,"서울특별시 강남구 강남대로94길 21, 지상1층 (역삼동)",세븐갈비,37.4997359,127.0289802,고기,0,0,3
신정동,"서울특별시 강남구 강남대로102길 14 (역삼동,지상1층103호)",마포주먹고기,37.5018956,127.0270415,고기,5,1,0
가락동,"서울특별시 강남구 강남대로118길 14, 3층 (논현동)",가츠현,37.5064423,127.024774,고기,3.3,8,10
한강로1가,"서울특별시 강남구 강남대로 310 (역삼동,지하1층27,28,29,30,31,32,33,34호)",구이마당,37.4909898,127.0315025,고기,4.4,5,32
대치동,"서울특별시 강남구 강남대로118길 8 (논현동,이화빌딩지상2층)",국고집,37.5061755,127.0244857,고기,3,8,40
독산동,서울특별시 강남구 강남대로110길 6 (역삼동),압구정별난족발,37.5040471,127.0254719,고기,0,0,0
답십리동,"서울특별시 강남구 강남대로84길 15, 지하1층 B129(1/2),130호 (역삼동, 강남역효성해링턴타워더퍼스트)",무쏘 답십리점,37.4970041,127.0298544,고기,3,1,3
홍익동,"서울특별시 강남구 강남대로152길 30 (신사동,지상2층)",제일양대창,37.5176666,127.0218616,고기,4,1,37
쌍문동,"서울특별시 강남구 강남대로124길 49 (논현동,지상1층)",옛집갈비,37.5100727,127.0260597,고기,5,2,12
목동,"서울특별시 강남구 강남대로84길 26, 지상1,지하1층 (역삼동)",차돌풍,37.49695,127.0307706,고기,2.8,4,51
청담동,"서울특별시 강남구 강남대로 408 (역삼동,지하1층)",더그릴630,37.4992268,127.0275554,고기,5,1,16
목동,"서울특별시 강남구 강남대로 494, 지상 1층 (논현동)",엉터리생고기,37.5064043,127.0241345,고기,2.7,3,5
마장동,"서울특별시 강남구 강남대로122길 14 (논현동,지하1층)",화로구이,37.5078499,127.0243547,고기,1.9,15,9
성수동2가,"서울특별시 강남구 강남대로 476, 지하2층 6호 (논현동)",교대이층집 성수점,37.5049158,127.0248029,고기,3.5,10,114
화곡동,서울특별시 강남구 강남대로150길 9 (논현동),돈구이 소 정육식당,37.5159596,127.0205956,고기,3.3,4,2
역삼동,"서울특별시 강남구 강남대로110길 12 (역삼동,1,2층)",교대이층집강남CGV점,37.5038633,127.025837,고기,4.3,4,31
창동,"서울특별시 강남구 강남대로156길 13, 지하1층 (신사동)",돼지천만마리,37.5182437,127.0202604,고기,0,0,0
목동,"서울특별시 강남구 강남대로78길 8, 지하1층 (역삼동, 한국빌딩)",생생한우곱창,37.4946991,127.0300978,고기,0,0,2
가산동,"서울특별시 강남구 가로수길 19, 지하1층 (신사동)",뽁오삼 샾,37.5191948,127.0230141,고기,2.8,5,3
종로5가,"서울특별시 강남구 강남대로 240 (도곡동,양재SK허브프리모 지하2층)",타이거슈가 종로5가점,37.4852658,127.0344506,고기,0,0,1
쌍문동,"서울특별시 강남구 강남대로156길 17 (신사동,지상1층)",삼거리갈비집,37.5184117,127.020563,고기,1.5,2,2
당산동1가,"서울특별시 강남구 강남대로122길 10, 영흥빌딩 2층 (논현동)",송희네한식,37.5076373,127.0240808,고기,0,0,0
봉천동,"서울특별시 강남구 강남대로160길 19, 1층 (신사동)",농장사람들,37.5196366,127.0202921,고기,3.5,8,13
동소문동2가,서울특별시 강남구 강남대로102길 23 (역삼동),족선생,37.5026313,127.027333,고기,4.2,5,8
증산동,"서울특별시 강남구 강남대로118길 12 (논현동,지상1층)",육전 생고기,37.5063094,127.0247472,고기,4,4,0
방학동,서울특별시 강남구 강남대로152길 31 (신사동),코삼바,37.5179495,127.0218833,고기,0,0,0
목동,"서울특별시 강남구 강남대로 358, 강남358타워 2층 (역삼동)",목동족발,37.4950692,127.0298087,고기,4.5,2,10
성수동2가,"서울특별시 강남구 강남대로94길 14, 지상1층 1호 (역삼동, 강남교구)",형제갈비,37.4992975,127.0285866,고기,5,3,0
상도동,"서울특별시 강남구 강남대로136길 5-4, 지하1층 15호 (논현동)",농장사람들,37.5133317,127.0213464,고기,3.1,17,52
신림동,"서울특별시 강남구 강남대로42길 13 (도곡동,지상1층)",1943,37.4855234,127.0351552,고기,2,1,7
등촌동,"서울특별시 강남구 강남대로136길 5-4, 지하1층 2호 (논현동)",장터참숯무한리필,37.5133317,127.0213464,고기,3.5,4,13
도봉동,"서울특별시 강남구 강남대로152길 43, 지상2층 (신사동)",도봉산 양고기,37.5183087,127.0228343,고기,3.2,23,41
방학동,"서울특별시 강남구 강남대로48길 25, 지하1층 B101호 (도곡동, 비스킷)",명륜진사갈비방학점,37.4874688,127.0350279,고기,3.4,12,21
상도1동,"서울특별시 강남구 강남대로128길 20, 영동프라자 지상1층 103호 (논현동)",갈매울감자탕,37.5099924,127.0238235,고기,4,8,6
고척동,"서울특별시 강남구 강남대로94길 28, 지원빌딩 지상1층 (역삼동)",향촌 숯불 돈갈비,37.4996515,127.0296218,고기,0,0,3
역삼동,"서울특별시 강남구 강남대로140길 9, 비피유빌딩 지하2층 (논현동)",돈우애락,37.5140837,127.0212295,고기,5,2,9
방학동,"서울특별시 강남구 강남대로156길 15 (신사동,지하1층,지상1층)",주식회사 삼성숯불갈비,37.5183258,127.0204422,고기,3.8,22,28
면목동,"서울특별시 강남구 강남대로102길 22 (역삼동,지상1층)",미락한정식,37.5023779,127.0274312,고기,3.7,3,16
천호동,서울특별시 강남구 강남대로62길 22 (역삼동),진달래 양꼬치,37.4905645,127.0333603,고기,3,1,0
상계동,"서울특별시 강남구 강남대로122길 6 (논현동,지상1,2층)",대성숯불갈비,37.5075046,127.023874,고기,2.3,3,1
보광동,"서울특별시 강남구 강남대로 358, 강남358타워 지상2층 203호 (역삼동)",옛날통닭,37.4950692,127.0298087,고기,5,1,0
가산동,"서울특별시 강남구 강남대로126길 23, 1층 (논현동)",육회지존,37.5098086,127.0243387,고기,5,1,0
신도림동,"서울특별시 강남구 강남대로84길 33 (역삼동,대우디오빌플러스지하1층109호)",신도림껍데기,37.4975461,127.0310934,고기,5,3,1
상암동,"서울특별시 강남구 강남대로94길 27, 지상1층 (역삼동)",청춘소고기,37.4998645,127.029522,고기,4.1,10,38
신림동,"서울특별시 강남구 강남대로160길 50 (신사동,지상1층)",청담육회,37.5204578,127.0226326,고기,4,5,5
장지동,"서울특별시 강남구 강남대로112길 15, 지상1층 (논현동)",우야지 막창,37.5056452,127.0256248,고기,3.7,3,36
신사동,"서울특별시 강남구 강남대로 442 (역삼동,C동1층)",하남돼지집 가로수길점,37.5020662,127.0260775,고기,4,4,25
구로동,"서울특별시 강남구 강남대로94길 27-11, 1층 (역삼동)",계림원 구로디지털점,37.5004446,127.0292725,고기,2.2,11,79
창동,"서울특별시 강남구 강남대로94길 10, 지상3층 (역삼동)",삼겹집,37.4991963,127.0282272,고기,0,0,3
중화동,"서울특별시 강남구 강남대로94길 14, 1층 (역삼동)",연탄굴뚝,37.4992975,127.0285866,고기,0,0,0
역삼동,"서울특별시 강남구 강남대로84길 23, 지하1층 02,03,04,05,06,07호 (역삼동, 한라클래식)",부산돈고집,37.4971584,127.0304025,고기,2.6,5,2
봉천동,"서울특별시 강남구 강남대로162길 31, 지하1,지상1층 (신사동)",더블플레이치킨 보라매점,37.5206439,127.0209623,고기,5,1,25
창동,"서울특별시 강남구 강남대로58길 11 (도곡동,지상2층)",소양강닭갈비,37.4894671,127.0330114,고기,4.3,23,4
시흥동,서울특별시 강남구 강남대로152길 43 (신사동),안동한우한우,37.5183087,127.0228343,고기,0,0,1
신대방동,"서울특별시 강남구 강남대로156길 8 (신사동,1층)",뚝배기 양평해장국 신대방점,37.5180241,127.0197963,고기,0,0,2
을지로6가,서울특별시 강남구 강남대로152길 21 (신사동),마리오,37.5176564,127.0210759,고기,0,0,0
중화동,"서울특별시 강남구 강남대로114길 20, 지하1층 4호 (논현동)",고려원양꼬치,37.5059255,127.0258748,고기,4.2,6,6
서초동,"서울특별시 강남구 강남대로 442 (역삼동,지상2층)",신도세기 강남역점,37.5020662,127.0260775,고기,3.9,40,63
미아동,"서울특별시 강남구 강남대로122길 5, 지상2층 (논현동)",또돼지 곱창,37.5076651,127.0237584,고기,5,1,10
상계동,서울특별시 강남구 강남대로136길 6 (논현동),미스터숯불꼬치,37.5128803,127.0212241,고기,0,0,8
이태원동,"서울특별시 강남구 강남대로 352, 1,2층 (역삼동)",부산갈비,37.4943794,127.0298179,고기,2.9,12,5
양재동,"서울특별시 강남구 강남대로118길 14, 지상2층 (논현동)",태,37.5064423,127.024774,고기,5,1,1
시흥동,"서울특별시 강남구 강남대로58길 11 (도곡동,지상1층)",쌍둥이네 생삼겹살,37.4894671,127.0330114,고기,0,0,0
양평동5가,"서울특별시 강남구 강남대로114길 14, 지하1층 (논현동)",선유실비,37.5058257,127.0254405,고기,0,0,2
사당동,"서울특별시 강남구 강남대로156길 20, 지상1층 (신사동)",화덕소곱창,37.518223,127.0208295,고기,4.6,7,37
당산동6가,서울특별시 강남구 강남대로106길 9 (역삼동),고기주방,37.5030117,127.0263691,고기,4.4,7,76
쌍문동,"서울특별시 강남구 강남대로152길 55, 지상1층 (신사동)",북부축산물공판장,37.5186822,127.0236476,고기,0,0,0
쌍문동,"서울특별시 강남구 강남대로106길 12 (역삼동,지하1, 지상1,2,3층)",무한리필 고기굼터,37.5028624,127.0265534,고기,5,5,27
창동,서울특별시 강남구 강남대로94길 23 (역삼동),저팔계 사람잡네,37.4997576,127.0292119,고기,0,0,0
화양동,"서울특별시 강남구 강남대로156길 13 (신사동,1층)",갈비집본,37.5182437,127.0202604,고기,0,0,1
도봉동,"서울특별시 강남구 강남대로152길 42, 1층 (신사동)",홍능갈비,37.518006,127.0227728,고기,4,1,0
상계동,"서울특별시 강남구 강남대로94길 91 (역삼동,지상1층)",빽돈 노원상계점,37.5010133,127.034614,고기,4.7,18,7
한강로1가,"서울특별시 강남구 강남대로 492, 한맥빌딩 16층 (논현동)",평양집,37.506197,127.024134,고기,2.8,191,157
하월곡동,서울특별시 강남구 강남대로118길 20 (논현동),최고집 참숯왕갈비,37.5065773,127.025078,고기,0,0,2
동선동5가,서울특별시 강남구 강남대로102길 15 (역삼동),성신양꼬치,37.5022171,127.0270063,고기,5,3,1
창동,"서울특별시 강남구 강남대로156길 28, 1층 (신사동)",쌍문곱창,37.5185797,127.0214686,고기,5,2,7
독산동,"서울특별시 강남구 강남대로150길 10, 지상2층 (논현동)",대구막창,37.5157817,127.0207163,고기,5,1,3
강일동,"서울특별시 강남구 강남대로122길 15, 상당빌딩 지상2층 (논현동)",이레정,37.5081262,127.0241801,고기,5,2,3
문정동,"서울특별시 강남구 강남대로114길 11 (논현동,지상1층)",숙성의 미 껍데기,37.5059571,127.0252207,고기,4.2,5,13
방배동,"서울특별시 강남구 강남대로114길 18 (논현동,지상1층)",조개창고,37.5058983,127.0257362,고기,3.5,17,194
사당동,"서울특별시 강남구 강남대로156길 35, 1층 (신사동)",팔각도 이수역점,37.5189355,127.0218886,고기,3,2,29
강일동,"서울특별시 강남구 강남대로84길 33, 지하1층 107호 (역삼동, 지하상가)",화로상회 강일점,37.4975461,127.0310934,고기,3.8,4,12
상계동,"서울특별시 강남구 강남대로124길 45 (논현동,지상1층)",통숯불바베큐치킨,37.509863,127.0258372,고기,5,1,0
상계동,"서울특별시 강남구 강남대로146길 28 (논현동,논현(아)201동지하1층10호)",호두갈비,37.5148589,127.0228831,고기,5,1,43
신사동,"서울특별시 강남구 강남대로94길 27 (역삼동,지상1층)",이,37.4998645,127.029522,고기,0,0,2
도봉동,"서울특별시 강남구 강남대로154길 25, 지상1층 (신사동)",옛날통닭,37.5181149,127.021072,고기,0,0,0
성수동2가,서울특별시 강남구 강남대로94길 75 (역삼동),내고향정육점식당,37.5007479,127.0334361,고기,0,0,1
쌍문동,"서울특별시 강남구 강남대로62길 24 (역삼동,지상1층)",감포면옥,37.4906073,127.0335415,고기,2.9,14,13
무교동,"서울특별시 강남구 강남대로118길 12, 부경빌딩 1층 101호 (논현동)",창고43 무교점,37.5063094,127.0247472,고기,2.4,18,34
성내동,"서울특별시 강남구 강남대로66길 16, 1층 (역삼동)",원조태능갈비,37.4918897,127.0321924,고기,3.4,6,7
신사동,"서울특별시 강남구 강남대로94길 86, 지상1층 (역삼동)",정양,37.500652,127.0341701,고기,4.8,4,19
상도동,"서울특별시 강남구 강남대로 382 (역삼동,메리츠타워지하1층)",쉐프의목장,37.4971261,127.0287132,고기,3.6,9,8
신림동,"서울특별시 강남구 강남대로 378 (역삼동,지하1층)",장터참숯무한리필,37.4966716,127.0286835,고기,2.7,7,22
문정동,"서울특별시 강남구 강남대로118길 64, 지상2층 202호 (논현동)",가우쵸그릴,37.5071121,127.0279962,고기,3,2,8
우면동,"서울특별시 강남구 강남대로84길 15, 지하1층 (역삼동)",밀짚모자,37.4970041,127.0298544,고기,5,3,0
구의동,"서울특별시 강남구 강남대로152길 62, 지상1층 (신사동)",백년회관서서갈비아차산점,37.5186925,127.0242793,고기,4,4,12
한남동,"서울특별시 강남구 강남대로62길 30, 지상1층 104호 (역삼동)",두유테이블,37.4907555,127.0340589,고기,4.7,3,3
성수동1가,"서울특별시 강남구 강남대로114길 14 (논현동,1층 서쪽)",서후와규,37.5058257,127.0254405,고기,0,0,3
미아동,"서울특별시 강남구 강남대로106길 19, 지상1층 (역삼동)",장터 참숯무한리필,37.5032292,127.0271797,고기,4.1,9,12
시흥동,"서울특별시 강남구 강남대로150길 4 (논현동,지상2층)",횡성한우,37.5155739,127.0202732,고기,0,0,0
신림동,"서울특별시 강남구 강남대로162길 41-15, 지상1층 (신사동)",숯불삼겹,37.521696,127.0210628,고기,3.9,7,10
이태원동,서울특별시 강남구 강남대로118길 41 (논현동),걸구네,37.507361,127.0264218,고기,4.1,54,42
성내동,"서울특별시 강남구 강남대로124길 10, 지상1층 (논현동)",유가네,37.508859,127.0235041,고기,0,0,1
신림동,"서울특별시 강남구 강남대로42길 17 (도곡동,지상1,2층)",금호풍년숯불갈비,37.4855167,127.035391,고기,0,0,2
독산동,"서울특별시 강남구 강남대로44길 27 (도곡동,번지 1층)",3공단 비어하우스,37.4864608,127.0357785,고기,3,2,19
만리동1가,"서울특별시 강남구 강남대로118길 67 (논현동,지상1층)",무한식당,37.5073173,127.0283116,고기,2,2,5
방학동,"서울특별시 강남구 강남대로58길 18 (도곡동,지하1층)",바우식당,37.4894494,127.0336782,고기,4.7,3,0
한강로2가,서울특별시 강남구 강남대로152길 31 (신사동),유명돈,37.5179495,127.0218833,고기,4.8,20,25
시흥동,"서울특별시 강남구 강남대로162길 41, 지상1층 (신사동)",엉터리생고기,37.5209851,127.0216291,고기,3.2,6,11
시흥동,"서울특별시 강남구 강남대로124길 3-8, 지하1층 (논현동)",우림,37.5092136,127.0229639,고기,5,3,2
독산동,"서울특별시 강남구 강남대로124길 49, 지상2층 (논현동)",수제왕꼬치,37.5100727,127.0260597,고기,5,2,6
시흥동,서울특별시 강남구 강남대로94길 87 (역삼동),사거리꼼장어,37.5009124,127.034255,고기,0,0,1
중계동,"서울특별시 강남구 강남대로160길 19 (신사동,성림빌딩지하1층)",마포숯불갈비,37.5196366,127.0202921,고기,5,2,3
쌍문동,서울특별시 강남구 강남대로154길 13 (신사동),우이목장,37.517815,127.0203253,고기,4,2,1
신정동,"서울특별시 강남구 강남대로 442, 지상2층 (역삼동)",대박곱창,37.5020662,127.0260775,고기,4,4,7
논현동,"서울특별시 강남구 강남대로66길 14, 2층 205호 (역삼동, 강남역 와이즈 플레이스)",고끌림,37.4917691,127.0318188,고기,4,1,34
가산동,"서울특별시 강남구 강남대로124길 49, 지하1층 (논현동)",포차인닭갈비,37.5100727,127.0260597,고기,3,8,22
공릉동,"서울특별시 강남구 강남대로62길 28, 지상1층 (역삼동)",주주돈가,37.490687,127.0338601,고기,0,0,18
종암동,"서울특별시 강남구 강남대로118길 14 (논현동,1층)",하남돼지집 종암점,37.5064423,127.024774,고기,3.4,10,12
상계동,서울특별시 강남구 강남대로152길 9 (신사동),쪽갈비 대통령,37.5172487,127.0202441,고기,4,1,21
사당동,"서울특별시 강남구 강남대로84길 15, 지상1층 105호 (역삼동)",외양간,37.4970041,127.0298544,고기,4.4,7,24
화양동,"서울특별시 강남구 강남대로124길 20 (논현동,지상1층)",혼식당,37.509054,127.0242365,고기,5,5,1
중곡동,"서울특별시 강남구 강남대로156길 18, 1층 (신사동)",옛고을 숯불갈비,37.5181683,127.0206946,고기,5,1,11
충정로2가,"서울특별시 강남구 강남대로118길 19, 지상2층 (논현동)",서대포집,37.5068783,127.0249638,고기,0,0,3
창동,"서울특별시 강남구 강남대로58길 61, 지상1층 (도곡동, 제일빌딩)",컵오브커피창2동점,37.4906201,127.0368591,고기,0,0,0
창동,"서울특별시 강남구 강남대로156길 13, 1층 102호 (신사동)",인생극장,37.5182437,127.0202604,고기,0,0,1
잠실동,"서울특별시 강남구 강남대로114길 20, 지하1층 1호 (논현동)",탕,37.5059255,127.0258748,고기,4.2,27,19
방배동,"서울특별시 강남구 강남대로102길 16, 지하1층 (역삼동, 까치빌딩)",카오여여,37.5020885,127.0272009,고기,5,1,7
독산동,"서울특별시 강남구 강남대로152길 19 (신사동,지상1층)",삼숙이갈비,37.5175679,127.0209752,고기,0,0,1
창동,"서울특별시 강남구 강남대로58길 11 (도곡동,지상3층)",싹쓰리솥뚜껑삼겹살,37.4894671,127.0330114,고기,4.8,4,15
창동,서울특별시 강남구 강남대로124길 22 (논현동),백제갈비촌,37.5091598,127.0246155,고기,3.4,8,9
상도동,"서울특별시 강남구 강남대로110길 15, 지상1층 102호 (역삼동)",명동소곱창,37.5039949,127.0261871,고기,2.7,3,10
성수동2가,"서울특별시 강남구 강남대로84길 33 (역삼동,지하1층 113호)",야곱293,37.4975461,127.0310934,고기,2,1,11
천호동,"서울특별시 강남구 강남대로94길 11 (역삼동,지상1층)",차가네양갈비,37.4995598,127.0282643,고기,0,0,0
상도동,"서울특별시 강남구 강남대로128길 6, 지상2층 (논현동)",팔팔구,37.5097515,127.0227946,고기,3.8,6,51
역삼동,"서울특별시 강남구 강남대로84길 15, 지하1층 B126호 (역삼동)",오픈양대창 강남역점,37.4970041,127.0298544,고기,4.6,5,38
신사동,"서울특별시 강남구 강남대로152길 14, 지하1층 (신사동)",미아전,37.5171551,127.0207176,고기,4.2,9,41
가산동,"서울특별시 강남구 강남대로158길 21, 지상1층 101호 (신사동, 홍인빌딩)",가산통통,37.5192778,127.0205416,고기,3.8,46,54
남현동,"서울특별시 강남구 강남대로112길 31, 1층 (논현동)",명돼지갈비,37.5060289,127.0269003,고기,4.1,15,37
면목동,"서울특별시 강남구 강남대로114길 32, 지상1층 101호 (논현동)",사가정식당,37.5063154,127.0269625,고기,0,0,3
방학동,"서울특별시 강남구 강남대로154길 21, 지하1층 (신사동)",영자네곱창,37.5180183,127.0208478,고기,4.5,6,4
한강로1가,"서울특별시 강남구 강남대로 358, 지상2층 (역삼동)",현대본가,37.4950692,127.0298087,고기,4,19,19
사당동,"서울특별시 강남구 강남대로122길 21, 지상1층 (논현동)",윤가네돈돼지,37.5083735,127.0247183,고기,5,2,1
북창동,"서울특별시 강남구 강남대로116길 8 (논현동,지상1층)",남도복국,37.5061042,127.0247724,고기,0,0,1
목동,"서울특별시 강남구 강남대로62길 26, 지하1층 (역삼동)",상도연탄갈비,37.4906393,127.0337063,고기,5,1,25
시흥동,"서울특별시 강남구 강남대로126길 18, 1층 101호 (논현동)",홍천화로구이,37.5095467,127.0240676,고기,5,2,0
중림동,"서울특별시 강남구 강남대로 594 (논현동,지상1층)",소금구이갈매기살,37.514797,127.020345,고기,4.3,7,6
공릉동,"서울특별시 강남구 강남대로 406, GLASS TOWER 지하1층 B01-1호 (역삼동)",여물소,37.4990209,127.0276559,고기,3.7,9,2
사당동,"서울특별시 강남구 강남대로128길 6, 지하1층 남측호 (논현동)",민물장어-,37.5097515,127.0227946,고기,5,1,1
신정동,"서울특별시 강남구 강남대로 468, 지하3층 (역삼동)",다불러소갈비,37.5041598,127.0251636,고기,4,27,32
도봉동,"서울특별시 강남구 강남대로152길 34, 1층 (신사동)",미성양꼬치,37.5177682,127.0221282,고기,4.3,8,5
사당동,서울특별시 강남구 강남대로128길 84 (논현동),맛이담긴항아리,37.5124003,127.0281355,고기,3.7,4,5
황학동,"서울특별시 강남구 강남대로118길 47, 지상1층 102호 (논현동)",정든곱창,37.507503,127.0268207,고기,0,1,3
봉천동,"서울특별시 강남구 강남대로158길 21 (신사동,지상1층)",해랑강양다리양꼬치,37.5192778,127.0205416,고기,5,3,2
신월동,"서울특별시 강남구 강남대로 600, 지상1층 105호 (논현동)",대박연탄구이,37.5154265,127.0201502,고기,3.8,4,3
면목동,"서울특별시 강남구 강남대로152길 18 (신사동,지상1층, 지하1층)",황금 드럼통,37.5173292,127.0209867,고기,5,1,1
창동,"서울특별시 강남구 강남대로128길 27, 지상1층 105호 (논현동)",꽃돼지,37.5104292,127.0243468,고기,3.5,2,1
필동1가,"서울특별시 강남구 강남대로118길 15, 지상3층 (논현동)",강촌숯불닭갈비,37.5067882,127.0247255,고기,5,3,6
신사동,"서울특별시 강남구 강남대로 438, 스타플렉스 2층 213호 (역삼동)",창고43 압구정점,37.5016424,127.0263372,고기,2,2,23
창동,"서울특별시 강남구 강남대로42길 13 (도곡동,지상1층)",오성식당,37.4855234,127.0351552,고기,0,0,1
방배동,"서울특별시 강남구 강남대로 308, 랜드마크타워 지하1층 B109-1호 (역삼동)",차돌풍,37.4906371,127.0317381,고기,3,4,22
개봉동,"서울특별시 강남구 강남대로94길 28, 유니언타운 강남 지하2층 1호 (역삼동)",예다미,37.4996515,127.0296218,고기,3,2,0
망우동,"서울특별시 강남구 강남대로94길 10 (역삼동,1층102호)",돼지네,37.4991963,127.0282272,고기,5,1,0
방학동,"서울특별시 강남구 강남대로62길 31 (역삼동,지상1층)",홍춘천닭갈비,37.4909879,127.034042,고기,0,0,0
독산동,"서울특별시 강남구 강남대로124길 3-6, 지상1층 (논현동)",은성갈비,37.509078,127.0230903,고기,3.5,2,3
창신동,"서울특별시 강남구 강남대로102길 31, 2층 (역삼동)",말뚜기 감자탕,37.503095,127.0277714,고기,0,0,0
수유동,"서울특별시 강남구 강남대로122길 30, 지하1층 2호 (논현동)",배달삼겹직구삼 수유점,37.5083324,127.0254164,고기,0,0,1
창동,"서울특별시 강남구 강남대로152길 67, 1층 103호 (신사동)",남도가든,37.5190083,127.0245403,고기,0,0,0
하월곡동,서울특별시 강남구 강남대로94길 95 (역삼동),꽃돼지식당,37.5011309,127.0349797,고기,0,0,0
신림동,"서울특별시 강남구 강남대로62길 13 (역삼동,지상1층)",미스터보쌈&스탠딩스테이크,37.4906217,127.0326275,고기,4.1,19,22
상수동,"서울특별시 강남구 강남대로152길 28, 지하1층 (신사동)",하모네꼬,37.5176126,127.0217236,고기,5,1,11
사당동,"서울특별시 강남구 강남대로128길 27 (논현동,지상1층 101호)",품앗이,37.5104292,127.0243468,고기,5,1,8
신림동,"서울특별시 강남구 강남대로160길 50 (신사동,지하1층)",신림왕꼬치,37.5204578,127.0226326,고기,4.4,8,5
성내동,"서울특별시 강남구 강남대로122길 28, 지상1층 (논현동)",강동 정육식당,37.5082619,127.0253133,고기,5,2,12
번동,"서울특별시 강남구 강남대로122길 30 (논현동,지하1층)",번사일팔,37.5083324,127.0254164,고기,2.2,24,37
독산동,"서울특별시 강남구 강남대로122길 10, 영흥빌딩 지상3층 (논현동)",명일양꼬치,37.5076373,127.0240808,고기,5,1,6
황학동,"서울특별시 강남구 강남대로120길 42, 1층 (논현동)",인생대패,37.5076763,127.0267612,고기,0,0,2
등촌동,"서울특별시 강남구 강남대로112길 15, 지상2층 (논현동, 다다무역빌딩)",발산회관,37.5056452,127.0256248,고기,3.7,15,197
상계동,"서울특별시 강남구 강남대로 292, 뱅뱅빌딩 지하1층 (도곡동)",태백한우야숯불,37.4893844,127.0322141,고기,5,3,3
도봉동,"서울특별시 강남구 강남대로152길 45, 지상1층 (신사동, 외1필지)",무수옥,37.5184098,127.0230142,고기,3.5,155,79
방학동,"서울특별시 강남구 강남대로42길 18, 1,2층 (도곡동)",맹호네 북청생고기,37.4853059,127.0354193,고기,3.5,15,8
신정동,서울특별시 강남구 강남대로94길 73 (역삼동),이차돌 목동로데오점,37.5007965,127.0332269,고기,4,4,20
신천동,서울특별시 강남구 강남대로78길 35 (역삼동),무한등심 잠실점,37.4957291,127.0322333,고기,2.8,23,40
암사동,"서울특별시 강남구 강남대로62길 18, 1층 101호 (역삼동)",야믄손 밥상,37.4904482,127.0330701,고기,0,0,0
신사동,"서울특별시 강남구 강남대로152길 24, 지상2층 (신사동)",조우,37.5174948,127.0214292,고기,0,0,0
역촌동,"서울특별시 강남구 강남대로100길 10 (역삼동,지상3층)",응암 양꼬치,37.5016418,127.0268898,고기,4.7,6,1
사당동,"서울특별시 강남구 강남대로158길 17, 1층 (신사동)",바른황소곱창,37.519159,127.0202696,고기,4.4,14,21
목동,"서울특별시 강남구 강남대로 520, 지상1층 105호 (논현동)",창고43목동점,37.5086776,127.0230647,고기,1.9,14,36
흑석동,서울특별시 강남구 강남대로152길 15 (신사동),남매이야기,37.5174524,127.0206702,고기,4,4,6
한강로2가,"서울특별시 강남구 강남대로118길 12, 부경빌딩 지상3층 (논현동)",뜨락,37.5063094,127.0247472,고기,1,1,3
신정동,"서울특별시 강남구 강남대로102길 23 (역삼동,지상2층)",삼숙이갈비,37.5026313,127.027333,고기,4.7,3,9
도봉동,서울특별시 강남구 강남대로152길 9 (신사동),도봉산 갈비,37.5172487,127.0202441,고기,4,1,43
길동,"서울특별시 강남구 강남대로 428 (역삼동,지상3층)",육돈식당,37.5008145,127.026849,고기,3.4,12,80
상도동,"서울특별시 강남구 강남대로128길 6, 지상1층 (논현동)",우니꾸,37.5097515,127.0227946,고기,3.6,5,19
갈현동,"서울특별시 강남구 강남대로94길 75 (역삼동,지상2층 201호)",태영생막창,37.5007479,127.0334361,고기,5,4,2
서초동,"서울특별시 강남구 강남대로118길 37, 지하1층 (논현동)",숙달돼지,37.5072345,127.0261346,고기,2.6,5,8
목동,"서울특별시 강남구 강남대로122길 16 (논현동,지상1층)",우쿠야&닭익는마을 목동점,37.5080184,127.0244054,고기,4,1,3
봉천동,"서울특별시 강남구 강남대로160길 50 (신사동,지상1층)",돼지마을,37.5204578,127.0226326,고기,5,2,0
창동,"서울특별시 강남구 강남대로66길 14, 지상2층 206호 (역삼동)",통큰묵은지찜,37.4917691,127.0318188,고기,5,1,0
창동,"서울특별시 강남구 강남대로 240 (도곡동,SK허브프리모 지하1층 116호)",만이갈비,37.4852658,127.0344506,고기,4,1,35
도봉동,"서울특별시 강남구 강남대로62길 31 (역삼동,예원빌딩 지상2층)",이가참숯갈비,37.4909879,127.034042,고기,0,0,0
장안동,서울특별시 강남구 강남대로122길 6 (논현동),명가춘천닭갈비,37.5075046,127.023874,고기,0,0,1
목동,"서울특별시 강남구 강남대로118길 16, 1층 (논현동)",곱창이야기,37.506507,127.0248863,고기,3.3,4,7
용문동,"서울특별시 강남구 강남대로118길 35, 지상1층 102-1호 (논현동)",신마포갈매기,37.5071676,127.0259174,고기,4.8,5,2
창동,"서울특별시 강남구 강남대로66길 32 (역삼동,1층)",원조돈곱창,37.4922928,127.0334288,고기,3,2,4
화곡동,"서울특별시 강남구 강남대로124길 68, 지상1층 103호 (논현동)",해프닝포차,37.5109661,127.0272126,고기,5,1,0
미아동,"서울특별시 강남구 강남대로122길 31, louis(루이스빌딩) 지하1층 (논현동)",돈우숯불,37.508579,127.0255043,고기,0,0,0
오류동,"서울특별시 강남구 강남대로94길 71, 지상1층 (역삼동)",맛짱 양꼬치,37.5009774,127.0330003,고기,5,2,2
을지로3가,"서울특별시 강남구 강남대로94길 86, 지상2층 (역삼동)",을지육점,37.500652,127.0341701,고기,3.8,18,104
화곡동,"서울특별시 강남구 강남대로 432, 점프밀라노 401~411, 413~415, 425호 (역삼동)",육집으로,37.501235,127.0266249,고기,0,0,0
신설동,"서울특별시 강남구 강남대로94길 69, 1층 (역삼동)",통큰막창&고기,37.5009091,127.0328247,고기,0,0,4
월계동,서울특별시 강남구 강남대로128길 10 (논현동),초안산갈비,37.5098224,127.0230833,고기,5,2,5
후암동,"서울특별시 강남구 강남대로 520 (논현동,지상1층)",참숯화로구이,37.5086776,127.0230647,고기,4.3,15,35
구의동,"서울특별시 강남구 강남대로152길 42, 지하1층 (신사동)",잭아저씨족발보쌈구의점,37.518006,127.0227728,고기,3,2,33
용두동,"서울특별시 강남구 강남대로94길 88, 1층 (역삼동)",고기여행,37.50075,127.0342849,고기,2.4,8,37
방학동,서울특별시 강남구 강남대로152길 33 (신사동),이차돌도봉구청점,37.5180254,127.0220375,고기,3.3,3,57
시흥동,"서울특별시 강남구 강남대로124길 39, 지하1층 104호 (논현동)",생고기 한상,37.5096862,127.0256295,고기,0,0,23
흑석동,"서울특별시 강남구 강남대로62길 12, 지상2층 (역삼동)",삼목등심,37.4902743,127.0325342,고기,4.2,12,9
봉천동,서울특별시 강남구 강남대로62길 14 (역삼동),고기굽는사람들,37.4903231,127.0326994,고기,4.7,81,106
상계동,"서울특별시 강남구 강남대로152길 15 (신사동,지하1층)",육회대장,37.5174524,127.0206702,고기,0,0,1
신당동,"서울특별시 강남구 강남대로106길 15, 지하1층 (역삼동)",동네포차,37.5031403,127.0268168,고기,5,3,0
상계동,"서울특별시 강남구 강남대로122길 20 (논현동,지상1층102호)",코리안숯불바베큐,37.5080568,127.0246335,고기,3,4,4
도봉동,"서울특별시 강남구 강남대로152길 67, 지하1층 102호 (신사동)",제주식당,37.5190083,127.0245403,고기,1.7,3,3
장안동,서울특별시 강남구 강남대로94길 70 (역삼동),한우천국,37.5006399,127.0328639,고기,3.6,9,14
가산동,"서울특별시 강남구 강남대로124길 39, 지하1층 103호 (논현동)",부엉이족발,37.5096862,127.0256295,고기,5,1,4
사당동,"서울특별시 강남구 강남대로156길 16, 1층 (신사동)",임창정의대단한갈비,37.5181159,127.0205446,고기,0,0,31
대치동,"서울특별시 강남구 강남대로146길 28 (논현동,지하4호)",라무진,37.5148589,127.0228831,고기,3.5,4,42
불광동,"서울특별시 강남구 강남대로 520, 지상1층 (논현동)",형제갈비,37.5086776,127.0230647,고기,4.8,5,6
신림동,"서울특별시 강남구 강남대로162길 43, 1층 (신사동)",그냥삼겹살집이나할걸그랬다,37.5210759,127.0218356,고기,3.3,6,35
목동,"서울특별시 강남구 강남대로118길 12, 지상1층 105호 (논현동)",동그라미곱창,37.5063094,127.0247472,고기,3.7,6,5
동소문동5가,서울특별시 강남구 강남대로84길 32 (역삼동),꼬꼬목,37.4970487,127.0311576,고기,5,1,2
화곡동,서울특별시 강남구 강남대로152길 46 (신사동),풍년집오리&청국장,37.5181781,127.0229983,고기,0,0,0
장안동,"서울특별시 강남구 강남대로136길 5-4, 지하1층 1호 (논현동)",서서갈비,37.5133317,127.0213464,고기,3.5,2,7
수유동,"서울특별시 강남구 강남대로152길 42 (신사동,지상2층)",고향집,37.518006,127.0227728,고기,0,0,0
도봉동,"서울특별시 강남구 강남대로128길 10, 지상1층 102호,103호 (논현동)",장가네 홍천 한우,37.5098224,127.0230833,고기,0,0,0
문정동,"서울특별시 강남구 강남대로94길 88 (역삼동,지상2층)",명랑회관,37.50075,127.0342849,고기,4.2,5,35
공릉동,"서울특별시 강남구 강남대로124길 11, 지하1층 B-087호 (논현동)",태백숯불갈비,37.5091123,127.023644,고기,0,0,0
신정동,"서울특별시 강남구 강남대로112길 13 (논현동,지상1,2층)",팔삼돼지,37.5056316,127.025412,고기,5,1,41
쌍문동,"서울특별시 강남구 강남대로156길 40, 지상2층 (신사동)",골목통통,37.5188994,127.022352,고기,0,0,0
창동,"서울특별시 강남구 강남대로162길 40 (신사동,지하1층)",우리생고기,37.5207053,127.0216092,고기,0,0,1
가리봉동,"서울특별시 강남구 강남대로62길 28, 지하1층 (역삼동)",자연생고기전문점,37.490687,127.0338601,고기,5,1,0
서초동,"서울특별시 강남구 강남대로112길 15 (논현동,다다빌딩 지하1층)",기회장집,37.5056452,127.0256248,고기,0,0,3
용두동,"서울특별시 강남구 강남대로62길 22, 황산빌딩 지상2층 (역삼동)",써든스테이크동대문점,37.4905645,127.0333603,고기,0,0,0
독산동,"서울특별시 강남구 강남대로 438 (역삼동,스타플렉스4층)",쌍교숯불갈비금천점,37.5016424,127.0263372,고기,4,17,76
신림동,"서울특별시 강남구 강남대로158길 12 (신사동,지상1층)",두찜 신림점,37.5187599,127.0199411,고기,3.8,4,14
도곡동,"서울특별시 강남구 강남대로136길 5-4, 지하1층 9호 (논현동)",국고집,37.5133317,127.0213464,고기,3.6,14,99
마곡동,서울특별시 강남구 강남대로152길 28 (신사동),새벽숯불가든 마곡점,37.5176126,127.0217236,고기,3.7,6,17
연남동,"서울특별시 강남구 강남대로94길 28, 유니언타운 강남 지하2층 4호 (역삼동)",명인갈비,37.4996515,127.0296218,고기,3.6,17,43
신정동,"서울특별시 강남구 강남대로 616, 지상15층 1501호 (신사동)",히노야마,37.5168437,127.0198235,고기,3.4,25,62
상봉동,"서울특별시 강남구 강남대로84길 33 (역삼동,지하1층115호)",수비드 바베큐,37.4975461,127.0310934,고기,0,0,0
서초동,"서울특별시 강남구 강남대로94길 89, 지하1층 (역삼동)",푸르나 착한고기집,37.5009723,127.034417,고기,4.2,5,28
시흥동,"서울특별시 강남구 강남대로124길 39, 지하1층 106호 (논현동)",수뿌레닭갈비,37.5096862,127.0256295,고기,2,2,2
하계동,"서울특별시 강남구 강남대로128길 20, 영동프라자 지상1층 102호 (논현동)",태능숯불갈비,37.5099924,127.0238235,고기,3.5,14,11
망우동,"서울특별시 강남구 강남대로118길 20 (논현동,지상1층)",상원정육식당,37.5065773,127.025078,고기,5,1,1
사당동,"서울특별시 강남구 강남대로152길 67, 2층 202호 (신사동)",서래갈비집,37.5190083,127.0245403,고기,2.8,5,220
쌍문동,"서울특별시 강남구 강남대로122길 12 (논현동,지상1,2층)",미트스타킴,37.5078191,127.0242146,고기,5,4,83
논현동,"서울특별시 강남구 강남대로124길 19, 1층 101-1호 (논현동)",순애씨 포차,37.5092777,127.0241371,고기,0,0,4
노량진동,"서울특별시 강남구 강남대로136길 5-4, 지하1층 16호 (논현동)",엉터리생고기,37.5133317,127.0213464,고기,3.7,13,14
신림동,서울특별시 강남구 강남대로62길 13 (역삼동),양계장집아들 난곡점,37.4906217,127.0326275,고기,5,1,1
가산동,서울특별시 강남구 강남대로128길 10 (논현동),ROH,37.5098224,127.0230833,고기,3.4,14,55
공릉동,"서울특별시 강남구 강남대로136길 5-4, 지하1층 3호 (논현동)",도깨비정육식당,37.5133317,127.0213464,고기,5,1,1
시흥동,"서울특별시 강남구 강남대로120길 67, 1층 101호 (논현동)",명륜진사갈비 석수역점,37.5076425,127.0289198,고기,2.5,6,27
망우동,"서울특별시 강남구 강남대로114길 20, 지하1층 (논현동)",우림생오겹살,37.5059255,127.0258748,고기,0,0,0
시흥동,"서울특별시 강남구 강남대로124길 35, 1층 101호 (논현동)",가마솥불족명가,37.5093942,127.0253526,고기,1,1,0
가산동,"서울특별시 강남구 강남대로62길 23, 지상1층 (역삼동)",북경마라탕,37.4908615,127.0334548,고기,0,0,1
공릉동,"서울특별시 강남구 강남대로136길 10, 지상1층 (논현동)",소망숯불갈비,37.5128608,127.0214617,고기,5,2,2
신정동,"서울특별시 강남구 강남대로118길 70, 지상1층 (논현동)",갈릭화로,37.5070075,127.0285306,고기,4,2,4
서교동,"서울특별시 강남구 강남대로94길 28, 유니언타운 강남 지하2층 6호 (역삼동)",바류식당,37.4996515,127.0296218,고기,2.7,30,53
화곡동,서울특별시 강남구 강남대로58길 17 (도곡동),수수삼겹,37.4896373,127.0335669,고기,0,0,3
성수동2가,"서울특별시 강남구 강남대로 520, 영동빌딩 지상1층 106,108호 (논현동)",왔쏘,37.5086776,127.0230647,고기,4.6,5,9
이태원동,"서울특별시 강남구 강남대로114길 20, 지하1층 6호 (논현동)",이태원숯불구이,37.5059255,127.0258748,고기,4,3,1
쌍문동,"서울특별시 강남구 강남대로152길 62, 지하1층 (신사동)",동적깡통구이,37.5186925,127.0242793,고기,4.3,81,34
필동3가,"서울특별시 강남구 강남대로66길 11 (역삼동,지상1층)",경성고기꾼 필동점,37.4920013,127.0318304,고기,5,2,18
미아동,"서울특별시 강남구 강남대로152길 30 (신사동,지상1층)",그때 그 고기,37.5176666,127.0218616,고기,0,0,0
종암동,"서울특별시 강남구 강남대로118길 17 (논현동,지상1층)",장수한방족발보쌈,37.5068397,127.0248509,고기,4.5,8,10
도봉동,"서울특별시 강남구 강남대로78길 14, 2층 (역삼동)",최진사댁무한숯불갈비 도봉점,37.4949101,127.0305726,고기,0,0,5
용산동3가,"서울특별시 강남구 강남대로 506, 동 (논현동,지상2층)",봉산집,37.5074896,127.0235171,고기,2.8,116,40
잠원동,서울특별시 강남구 강남대로 446 (역삼동),주먹두목,37.5024003,127.0259642,고기,4.2,5,34
서초동,"서울특별시 강남구 강남대로102길 16 (역삼동,지하1층)",우시야,37.5020885,127.0272009,고기,4.5,2,41
용답동,서울특별시 강남구 강남대로110길 12 (역삼동),마포잡부구이,37.5038633,127.025837,고기,5,2,7
수유동,"서울특별시 강남구 가로수길 16, 지상2층 (신사동)",야한곱창,37.519024,127.023378,고기,0,0,0
궁동,"서울특별시 강남구 강남대로94길 70, 지하1층 (역삼동)",연탄 불고기,37.5006399,127.0328639,고기,0,0,0
신림동,서울특별시 강남구 강남대로110길 14 (역삼동),원조부안집,37.5037545,127.0260798,고기,4.3,7,121
황학동,"서울특별시 강남구 강남대로114길 23, 101호 (논현동)",제주생고기,37.506286,127.0261493,고기,5,1,4
목동,"서울특별시 강남구 강남대로 616, 지상15층 1502호 (신사동)",육화식당,37.5168437,127.0198235,고기,4.3,17,182
금호동4가,서울특별시 강남구 강남대로94길 73 (역삼동),타도삼겹 금호점,37.5007965,127.0332269,고기,1,1,11
영등포동5가,"서울특별시 강남구 강남대로118길 28, 지상1층 101호 (논현동)",돈골,37.5068138,127.0256811,고기,5,2,2
창동,"서울특별시 강남구 강남대로84길 28, 2층 (역삼동)",쌍문동차돌집,37.4969777,127.0309501,고기,0,0,1
성수동1가,"서울특별시 강남구 강남대로100길 14-10 (역삼동,지하1층)",베스킨라빈스 서울숲점,37.5013205,127.0272603,고기,3.5,8,4
방이동,서울특별시 강남구 강남대로96길 11 (역삼동),송계옥,37.4999241,127.0279241,고기,4.3,4,50
성내동,서울특별시 강남구 강남대로92길 29 (역삼동),민우네숯불닭갈비,37.4994089,127.0297261,고기,0,0,2
신림동,"서울특별시 강남구 강남대로160길 17 (신사동,지상1층)",배달삼겹돼지되지,37.5196229,127.0201037,고기,1,1,1
휘경동,"서울특별시 강남구 강남대로94길 55, 2층 (역삼동)",이모네골뱅이전문점,37.5005326,127.0316854,고기,2.5,3,4
염창동,"서울특별시 강남구 강남대로122길 31, 지하1층 (논현동)",더블플레이 치킨 염창점,37.508579,127.0255043,고기,4,1,6
마천동,"서울특별시 강남구 강남대로84길 33, 지하1층 (역삼동)",진짜 고깃집,37.4975461,127.0310934,고기,0,0,1
만리동1가,"서울특별시 강남구 강남대로102길 20 (역삼동,지하1층)",이렇게맛있어야돼지,37.5022539,127.0273335,고기,3.7,3,5
가산동,"서울특별시 강남구 강남대로160길 15, 지하1층 (신사동)",참숯주먹고기,37.5195629,127.0199731,고기,0,0,12
봉천동,"서울특별시 강남구 강남대로156길 22 (신사동,지상1층)",명성족발,37.5182732,127.0209459,고기,3,2,4
성수동2가,서울특별시 강남구 강남대로152길 29 (신사동),세광양대창,37.5179491,127.0217107,고기,2.6,8,42
신사동,"서울특별시 강남구 강남대로 442 (역삼동,C동3층)",스니,37.5020662,127.0260775,고기,0,0,6
도봉동,"서울특별시 강남구 강남대로154길 21, 1층 (신사동)",돈돼지,37.5180183,127.0208478,고기,0,0,0
미아동,"서울특별시 강남구 강남대로122길 31, 지상2층 (논현동)",하남돼지집,37.508579,127.0255043,고기,2.6,5,7
신사동,"서울특별시 강남구 강남대로 438, 지상3층 307호 (역삼동)",밝은달,37.5016424,127.0263372,고기,5,1,3
마곡동,"서울특별시 강남구 강남대로94길 55, 지상1층 (역삼동)",강순자 옛맛 김치찌개,37.5005326,127.0316854,고기,2.6,8,9
대방동,서울특별시 강남구 강남대로120길 28 (논현동),친구네정육식당,37.5073872,127.0258435,고기,4.3,4,18
자양동,"서울특별시 강남구 강남대로66길 8 (역삼동,지하1층)",제주돈네,37.4917204,127.031604,고기,5,4,1
봉천동,"서울특별시 강남구 강남대로58길 11 (도곡동,지하1층)",깡돈,37.4894671,127.0330114,고기,5,1,1
방학동,서울특별시 강남구 강남대로42길 19 (도곡동),고기굼터,37.4856254,127.0357616,고기,5,1,4
화곡동,"서울특별시 강남구 강남대로 362 (역삼동,대륭타워1층)",용범이네 인계동껍데기 강서구청점,37.4953905,127.029434,고기,5,1,23
상도동,"서울특별시 강남구 강남대로132길 60 (논현동,지상1층)",독도종합어시장,37.513209,127.0259444,고기,0,0,3
신림동,"서울특별시 강남구 강남대로162길 22, 1층 101호 (신사동)",숯불에 고기한점,37.5201006,127.0204676,고기,4.5,2,12
구로동,"서울특별시 강남구 강남대로94길 27-15 (역삼동,태리빌딩 지하B1,B2)",화룡양꼬치,37.5006551,127.0291376,고기,5,1,2
가산동,"서울특별시 강남구 강남대로48길 11, 지하1층 (도곡동)",외국포차 오늘,37.4869667,127.0341003,고기,0,0,5
구로동,서울특별시 강남구 강남대로96길 12 (역삼동),구로돈가,37.4997492,127.028088,고기,0,0,15
쌍문동,"서울특별시 강남구 강남대로152길 34, 102호-103호 (신사동)",흑도야지,37.5177682,127.0221282,고기,5,3,1
양재동,"서울특별시 강남구 강남대로118길 12 (논현동,지하1층)",촌놈숯불닭갈비,37.5063094,127.0247472,고기,4,4,9
쌍문동,"서울특별시 강남구 강남대로156길 31-4, 지상1층 101호 (신사동, 축복하우스)",명품한우,37.5190338,127.0217832,고기,3,4,0
구로동,"서울특별시 강남구 강남대로 240, 지하1층 B109호 (도곡동, 양재SK허브프리모)",홍대불닭,37.4852658,127.0344506,고기,3.7,3,17
사당동,"서울특별시 강남구 강남대로66길 6 (역삼동,지하1층)",가가멜식당,37.4916842,127.0314711,고기,4,1,14
시흥동,"서울특별시 강남구 강남대로 442 (역삼동,별관 B동 3층)",고기마루,37.5020662,127.0260775,고기,5,1,0
군자동,"서울특별시 강남구 강남대로156길 32, 지하1층 (신사동)",대돈,37.5186583,127.0218507,고기,0,0,20
한강로1가,서울특별시 강남구 강남대로100길 14 (역삼동),현대본가Ⅱ,37.501609,127.0271027,고기,4,19,19
노량진동,"서울특별시 강남구 강남대로 240, 양재SK허브프리모 지하1층 비107,108호 (도곡동)",홍양꼬치,37.4852658,127.0344506,고기,0,0,2
수유동,"서울특별시 강남구 강남대로62길 22 (역삼동,지상1층)",쭈꾸미도사,37.4905645,127.0333603,고기,5,2,38
잠실동,서울특별시 강남구 강남대로120길 28 (논현동),고기식당,37.5073872,127.0258435,고기,5,4,2
동소문동5가,"서울특별시 강남구 강남대로118길 19, 지상1층 (논현동)",만복식당,37.5068783,127.0249638,고기,0,0,20
삼성동,"서울특별시 강남구 강남대로152길 31, 지하1층 (신사동)",숙고당,37.5179495,127.0218833,고기,5,1,0
문정동,"서울특별시 강남구 강남대로122길 10, 지상6층 (논현동)",레드175,37.5076373,127.0240808,고기,2,2,1
봉천동,"서울특별시 강남구 강남대로96길 12 (역삼동,에이동1층제1호)",굽다려,37.4997492,127.028088,고기,0,0,4
봉천동,"서울특별시 강남구 강남대로162길 41-20, 지상1층 (신사동)",샤로수길차돌,37.5218852,127.0212017,고기,3,3,52
쌍문동,"서울특별시 강남구 강남대로156길 48, 지상1층-지상2층 (신사동)",이차돌,37.5190355,127.0227898,고기,2.3,10,30
도봉동,"서울특별시 강남구 강남대로152길 67 (신사동,(지상1층))",선지해장국,37.5190083,127.0245403,고기,0,0,0
문래동3가,서울특별시 강남구 강남대로 630 (신사동),춘천옥숯불돼지갈비,37.5179831,127.0193626,고기,3.5,2,1
봉천동,"서울특별시 강남구 강남대로160길 16 (신사동,지상1층)",새우당,37.5193311,127.02019,고기,3.1,63,151
독산동,"서울특별시 강남구 강남대로114길 11 (논현동,지하1층)",미스터보쌈엔스탠딩스테이크 독산점,37.5059571,127.0252207,고기,1,1,3
홍제동,서울특별시 강남구 강남대로116길 8 (논현동),연변양꼬치,37.5061042,127.0247724,고기,4.6,10,8
쌍문동,"서울특별시 강남구 강남대로78길 12, 지상1층 103호 (역삼동, 예미프레스티지)",김밥나라,37.4948886,127.0303768,고기,1,1,1
방학동,"서울특별시 강남구 강남대로84길 15, 지하1층 B115, B116호 (역삼동, 강남역 효성해링턴 타워 더퍼스트)",고깃집,37.4970041,127.0298544,고기,3.8,22,28
시흥동,"서울특별시 강남구 강남대로128길 38 (논현동,지상1층)",속초코다리찜,37.5107025,127.0251973,고기,5,2,3
방학동,서울특별시 강남구 강남대로154길 10 (신사동),방학목고기,37.5175297,127.0201672,고기,5,1,2
명일동,"서울특별시 강남구 강남대로122길 30 (논현동,지층)",노랑통닭 명일점,37.5083324,127.0254164,고기,2.6,5,1
신림동,"서울특별시 강남구 강남대로42길 11, 지하1층 (도곡동)",밥도술도,37.485444,127.0349327,고기,5,1,15
잠실동,"서울특별시 강남구 강남대로62길 38, 지상1층 101호 (역삼동)",잠실 고기,37.4909662,127.0346906,고기,3.3,6,3
방학동,"서울특별시 강남구 강남대로152길 35, 1층 (신사동)",진미오리오리,37.5180951,127.0222144,고기,5,1,0
서초동,"서울특별시 강남구 강남대로102길 16, 지상4층 (역삼동)",제주도그릴,37.5020885,127.0272009,고기,3.5,2,29
신정동,"서울특별시 강남구 강남대로78길 33, 지하1층 (역삼동)",장흥고깃집,37.4956509,127.0320224,고기,0,0,0
용산동2가,"서울특별시 강남구 강남대로100길 13, 스타빌딩 지상1층 (역삼동)",잠수교집,37.5018446,127.0272056,고기,3.8,18,188
답십리동,"서울특별시 강남구 강남대로94길 69 (역삼동,지하1층)",안흥갈비답십리점,37.5009091,127.0328247,고기,3.5,11,19
장지동,"서울특별시 강남구 강남대로152길 20, 지상1, 지하1층 (신사동)",럭키살롱,37.51739,127.0211113,고기,4,3,63
성수동2가,"서울특별시 강남구 강남대로94길 10, 지하1층 5호 (역삼동)",토리아에즈,37.4991963,127.0282272,고기,5,2,16
대방동,"서울특별시 강남구 강남대로124길 39, 지하1층 102호 (논현동)",배반장동작점,37.5096862,127.0256295,고기,0,0,0
개봉동,"서울특별시 강남구 강남대로94길 28, 유니언타운 강남 지하2층 3호 (역삼동)",백여사 두루치기,37.4996515,127.0296218,고기,4,4,1
하월곡동,"서울특별시 강남구 강남대로114길 32, 지상1층 (논현동)",용주 한방삼계탕,37.5063154,127.0269625,고기,5,3,14
봉천동,"서울특별시 강남구 강남대로160길 27, 1층 (신사동)",배할머니네파절이삼겹살,37.5199887,127.0209632,고기,4.4,9,16
길동,"서울특별시 강남구 강남대로122길 21, 지하1층 (논현동)",길동해장리,37.5083735,127.0247183,고기,5,2,6
노량진동,서울특별시 강남구 강남대로 390 (역삼동),만주꼬치구이,37.497901,127.028709,고기,4,10,16
도봉동,"서울특별시 강남구 강남대로114길 13, 1층 (논현동)",도봉한우골,37.506034,127.0253579,고기,3.5,2,7
신월동,"서울특별시 강남구 강남대로 622 (신사동,지상1층)",돈처럼,37.5173114,127.0196503,고기,0,0,8
봉천동,"서울특별시 강남구 강남대로158길 46, 지상1층 101호 (신사동)",선우정,37.5198819,127.0222015,고기,0,0,14
신월동,"서울특별시 강남구 강남대로118길 34 (논현동,101호)",서울꽃삼,37.5069518,127.0260587,고기,5,1,0
시흥동,"서울특별시 강남구 강남대로 438, 스타플렉스 지상3층 303호,304호 (역삼동)",유니네 옛날삼겹살,37.5016424,127.0263372,고기,0,0,0
봉천동,"서울특별시 강남구 강남대로162길 35, 1층 (신사동)",홍곱창,37.5207568,127.0211834,고기,3.8,25,69
사당동,"서울특별시 강남구 강남대로58길 17, 지상1층 (도곡동)",김치삼겹살,37.4896373,127.0335669,고기,2.3,3,37
명일동,"서울특별시 강남구 강남대로 428, 만이빌딩 지상3층 2-304호 (역삼동)",혁이네 생맥주,37.5008145,127.026849,고기,0,0,2
쌍림동,"서울특별시 강남구 강남대로114길 8 (논현동,지상1층,지하1층)",고기온,37.5056753,127.0250421,고기,4.5,10,42
신설동,"서울특별시 강남구 강남대로122길 5 (논현동,지상1층)",만추 먹는집,37.5076651,127.0237584,고기,0,0,1
삼선동5가,"서울특별시 강남구 강남대로114길 24 (논현동,지상1층)",행복마을,37.5060703,127.0263267,고기,5,5,4
번동,"서울특별시 강남구 강남대로124길 3-8, 1층 (논현동)",양촌리,37.5092136,127.0229639,고기,2.3,15,11
창동,"서울특별시 강남구 강남대로78길 12 (역삼동,지상2층)",블루밍,37.4948886,127.0303768,고기,4.4,9,40
화곡동,"서울특별시 강남구 강남대로66길 11 (역삼동,지상1층)",갈비예찬,37.4920013,127.0318304,고기,0,0,1
장안동,"서울특별시 강남구 강남대로124길 3-9, 지상2층 (논현동)",장안회관,37.5093201,127.0228251,고기,0,0,2
성내동,"서울특별시 강남구 강남대로158길 19 (신사동,지상1층)",풍년상회,37.519222,127.0203953,고기,4.2,60,94
신림동,"서울특별시 강남구 강남대로122길 24 (논현동, 지상1층 101호)",양떼목장 양꼬치,37.5081702,127.0249962,고기,4,4,28
필동1가,"서울특별시 강남구 강남대로 352, 3층 (역삼동)",남산골 생고기,37.4943794,127.0298179,고기,0,0,0
상도동,"서울특별시 강남구 강남대로78길 8 (역삼동,지상1층)",대구북성로연탄석쇠불고기,37.4946991,127.0300978,고기,0,0,0
한강로2가,"서울특별시 강남구 강남대로118길 39, 지상1층 101호 (논현동)",제주아방,37.5073473,127.0262746,고기,4.3,13,52
잠원동,"서울특별시 강남구 강남대로 330, 지층 8호 (역삼동, 우덕빌딩)",대가삼,37.4926879,127.0306509,고기,4.2,5,78
이태원동,서울특별시 강남구 강남대로118길 25 (논현동),차돌집,37.5069923,127.0253336,고기,3.8,42,7
대방동,"서울특별시 강남구 강남대로94길 54, 지하1층 (역삼동)",청산골생고기전문점,37.5002582,127.0317435,고기,3.5,2,10
면목동,"서울특별시 강남구 강남대로92길 31, 지상1층 (역삼동)",한우만 정육식당,37.4994406,127.0299484,고기,0,0,0
등촌동,"서울특별시 강남구 강남대로160길 42, 2층 (신사동)",행복한 한상,37.5203376,127.022085,고기,5,1,1
가산동,"서울특별시 강남구 강남대로146길 28, 지층5호 (논현동, 논현아파트 201동)",자연화로구이,37.5148589,127.0228831,고기,0,0,1
가산동,"서울특별시 강남구 강남대로106길 23, 지하1층 (역삼동)",고기원칙 가산하스모나점,37.5033203,127.0274295,고기,2,2,30
독산동,"서울특별시 강남구 강남대로112길 17, 1층 (논현동)",족발야시장,37.5056987,127.0258099,고기,5,4,27
동자동,"서울특별시 강남구 강남대로118길 22 (논현동,지하1층)",한우생각,37.5066908,127.0252506,고기,4.2,13,7
창동,"서울특별시 강남구 강남대로152길 46, 지하1층 (신사동)",서울마님죽신창시장점,37.5181781,127.0229983,고기,2,1,0
상계동,"서울특별시 강남구 강남대로146길 28, 논현아파트201동 지하1층 6호 (논현동, 논현아파트)",호세야 오리바베큐,37.5148589,127.0228831,고기,4,1,0
도봉동,"서울특별시 강남구 강남대로62길 12, 지상1층 (역삼동)",옛골토성 도봉산점,37.4902743,127.0325342,고기,3.5,11,10
시흥동,"서울특별시 강남구 강남대로110길 13 (역삼동,지상1층)",은행나무삼겹살,37.504037,127.0259474,고기,5,3,0
서초동,"서울특별시 강남구 강남대로 482 (논현동,지상1층)",서초목살,37.5054329,127.0245417,고기,5,1,5
하월곡동,"서울특별시 강남구 강남대로102길 14, 1층 101호 (역삼동, 장연빌딩)",황금곱창,37.5018956,127.0270415,고기,2.5,2,1
방학동,"서울특별시 강남구 강남대로124길 27, 지상1층 (논현동)",홍능갈비,37.5094689,127.0248324,고기,5,1,0
창동,"서울특별시 강남구 강남대로78길 16 (역삼동,지상1층)",동대문곱순이네곱창,37.4949525,127.0307526,고기,0,0,0
방학동,서울특별시 강남구 강남대로152길 64 (신사동),풍년상회,37.5187607,127.0244724,고기,3.8,4,6
방학동,"서울특별시 강남구 강남대로110길 14, 지하1층 (역삼동)",발효명가방학골갈비,37.5037545,127.0260798,고기,4.5,2,8
상계동,"서울특별시 강남구 강남대로136길 5-4 (논현동,지상1층)",주가네서서갈비,37.5133317,127.0213464,고기,3.8,7,18
암사동,"서울특별시 강남구 강남대로156길 8 (신사동,지상1층)",태능 숯불갈비,37.5180241,127.0197963,고기,4,4,5
봉천동,"서울특별시 강남구 강남대로156길 17 (신사동,지상1층)",빽돈,37.5184117,127.020563,고기,4,10,275
청담동,"서울특별시 강남구 강남대로112길 11 (논현동,지상1층)",에이오,37.5055181,127.0252585,고기,4.9,38,126
역삼동,"서울특별시 강남구 강남대로122길 15, 상당빌딩 지상2층 201호 (논현동)",세광 양대창 강남점,37.5081262,127.0241801,고기,4,20,67
가양동,서울특별시 강남구 강남대로 420 (역삼동),화로상회 가양점,37.5001472,127.0270812,고기,4,10,72
암사동,서울특별시 강남구 강남대로66길 11 (역삼동),돼지통,37.4920013,127.0318304,고기,5,2,15
독산동,"서울특별시 강남구 강남대로160길 21, 지상1층 102호 (신사동)",달빛맥주,37.519777,127.0205147,고기,0,0,12
방배동,"서울특별시 강남구 강남대로 240 (도곡동,양재SK허브프리모 1층101호)",방배화로구이,37.4852658,127.0344506,고기,5,5,3
사당동,"서울특별시 강남구 강남대로78길 25, 지상1층 (역삼동)",전곱곱창,37.4954383,127.0312865,고기,0,0,0
월계동,"서울특별시 강남구 강남대로62길 26, 1층 (역삼동)",월계숯불갈비,37.4906393,127.0337063,고기,0,0,0
구의동,"서울특별시 강남구 강남대로78길 18, 지상1층 (역삼동)",92양꼬치,37.4950391,127.0308946,고기,4.3,8,31
상계동,"서울특별시 강남구 강남대로94길 36 (역삼동,지하2층)",풍년상회,37.4998294,127.0302291,고기,4.2,5,6
신림동,"서울특별시 강남구 강남대로42길 16 (도곡동,지상1층)",인생극장,37.4852797,127.0352211,고기,4,4,47
목동,"서울특별시 강남구 강남대로102길 13-8, 지하1층 (역삼동)",목동,37.5024674,127.0266905,고기,4,2,0
봉천동,"서울특별시 강남구 강남대로156길 46, 지상2,3층 (신사동)",둥이감자탕,37.519009,127.0226277,고기,0,0,1
목동,"서울특별시 강남구 강남대로 502, 2층 (논현동, 에임하이타워)",순흥골,37.5071435,127.0236892,고기,0,0,0
방학동,서울특별시 강남구 강남대로156길 13 (신사동),제일숯불갈비,37.5182437,127.0202604,고기,5,1,0
논현동,"서울특별시 강남구 강남대로152길 11, 2층 (신사동)",아카라,37.5173876,127.020347,고기,4,8,110
면목동,"서울특별시 강남구 강남대로118길 60 (논현동,지하1층)",기와집,37.5071723,127.0276731,고기,5,1,1
쌍문동,서울특별시 강남구 강남대로66길 6 (역삼동),히읗,37.4916842,127.0314711,고기,0,0,13
화양동,"서울특별시 강남구 강남대로152길 70 (신사동,1층)",양꼬치미왕,37.5189773,127.0248536,고기,2.3,15,76
역삼동,"서울특별시 강남구 강남대로152길 23, 지상1층 102호 (신사동)",모토이시 역삼점,37.5176911,127.0212391,고기,3,1,51
금호동4가,"서울특별시 강남구 강남대로94길 72, 지상1층 가호 (역삼동)",타도삼겹 금호점,37.5006428,127.0330771,고기,1,1,11
등촌동,"서울특별시 강남구 강남대로128길 22, 지상1층 101호 (논현동)",삼곱집,37.51008,127.0241275,고기,5,1,13
창동,"서울특별시 강남구 강남대로162길 23, 지상1층 (신사동)",옛그집,37.5203102,127.0203276,고기,0,0,0
신월동,"서울특별시 강남구 강남대로 476 (논현동,지하2층)",노가리와 호프,37.5049158,127.0248029,고기,5,2,0
마곡동,"서울특별시 강남구 강남대로 438 (역삼동,2층210호)",용범이네 인계동껍데기 마곡점,37.5016424,127.0263372,고기,0,0,18
성내동,"서울특별시 강남구 강남대로122길 15, 상당빌딩 지상1층 102호 (논현동)",한우리,37.5081262,127.0241801,고기,0,0,1
역촌동,"서울특별시 강남구 가로수길 13, 지상1,2층 (신사동)",족발데이,37.5187365,127.0230266,고기,5,8,3
봉천동,"서울특별시 강남구 강남대로156길 17-1, 지상1층,2층 (신사동)",돈장군주먹고기,37.5185269,127.0204853,고기,5,5,5
한남동,"서울특별시 강남구 강남대로 442, 지하1층 (역삼동, 흥국생명빌딩)",남도가,37.5020662,127.0260775,고기,0,0,1
도봉동,"서울특별시 강남구 강남대로162길 41-22, 지상1층 102호 (신사동)",대가,37.5220337,127.0210951,고기,5,1,0
방학동,"서울특별시 강남구 강남대로58길 19, 1층 (도곡동)",장군갈비,37.4896758,127.0336841,고기,4.5,2,6
상암동,서울특별시 강남구 강남대로 280 (도곡동),되지,37.4885726,127.0324991,고기,0,0,3
충무로2가,"서울특별시 강남구 강남대로84길 24-4, 지하1층 (역삼동, 제원빌딩)",라온,37.4967409,127.0305979,고기,3.4,10,57
황학동,"서울특별시 강남구 강남대로110길 21, 1층 (역삼동)",스시코코로,37.5038809,127.026725,고기,0,0,1
화양동,"서울특별시 강남구 강남대로160길 35-5, 지상2층 (신사동)",서울불고기,37.5203867,127.021252,고기,1,1,4
장안동,"서울특별시 강남구 강남대로122길 17, 지상101호 (논현동)",닷찌,37.5082524,127.024446,고기,0,0,22
봉천동,"서울특별시 강남구 강남대로152길 68 (신사동,지상1층)",소블리,37.518889,127.0246924,고기,4.8,6,142
석촌동,"서울특별시 강남구 강남대로84길 15, 지하1층 105,106,107,108호 (역삼동)",패대기 서울본점,37.4970041,127.0298544,고기,4.9,8,15
하월곡동,"서울특별시 강남구 강남대로94길 95 (역삼동,(지하1층))",스탠딩스테이크,37.5011309,127.0349797,고기,0,0,0
청담동,"서울특별시 강남구 강남대로122길 16, 2층 (논현동)",우블링,37.5080184,127.0244054,고기,3.2,5,108
창동,"서울특별시 강남구 강남대로152길 9 (신사동,아성빌딩3층)",묵고갈래솥뚜껑삼겹살,37.5172487,127.0202441,고기,1,1,1
서초동,"서울특별시 강남구 강남대로114길 16 (논현동,지상1층)",김돈이,37.5058493,127.0256041,고기,4.6,11,94
서초동,"서울특별시 강남구 강남대로 330, 지하1층 1호 (역삼동)",명랑회관 교대점,37.4926879,127.0306509,고기,3.6,19,103
문정동,"서울특별시 강남구 강남대로122길 15, 상당빌딩 지상1층 (논현동)",문정 갈빗집,37.5081262,127.0241801,고기,5,1,8
독산동,"서울특별시 강남구 강남대로126길 18, 지상1층 103호 (논현동)",가오곱창 금천롯데캐슬점,37.5095467,127.0240676,고기,2,6,8
수유동,"서울특별시 강남구 강남대로94길 57 (역삼동,지상1층)",투존치킨,37.5006068,127.0319109,고기,5,1,1
신정동,서울특별시 강남구 강남대로62길 7 (역삼동),소풍화로,37.4904827,127.0321236,고기,3.5,4,3
쌍문동,"서울특별시 강남구 강남대로122길 16, 지상1층 (논현동)",그 고기집,37.5080184,127.0244054,고기,3.3,6,2
신대방동,"서울특별시 강남구 강남대로124길 39, 지하1층 107호 (논현동)",백옥양꼬치,37.5096862,127.0256295,고기,0,0,2
한강로2가,"서울특별시 강남구 강남대로 330, 지하1층 2호 (역삼동, 우덕빌딩 UNIT)",연탄불고기,37.4926879,127.0306509,고기,4,5,6
서계동,"서울특별시 강남구 강남대로 628 (신사동,지상1층)",석기정 서울역점,37.5178966,127.0194469,고기,2.9,8,11
을지로4가,"서울특별시 강남구 강남대로118길 22, 지상2층 (논현동)",제주은희네 해장국 을지로4가지점,37.5066908,127.0252506,고기,3.7,20,21
창동,"서울특별시 강남구 강남대로156길 31, 지상2층 (신사동)",민주네곱창,37.5188148,127.0216064,고기,4.9,10,3
석관동,"서울특별시 강남구 강남대로78길 8, 10층 (역삼동)",신사소곱창,37.4946991,127.0300978,고기,2.7,15,96
방화동,"서울특별시 강남구 강남대로160길 49, 1층 (신사동)",돝떼마을왕뚜껑삼겹살,37.5206698,127.0226263,고기,5,1,4
수서동,"서울특별시 강남구 강남대로84길 15, 지하1층 19.20호 (역삼동)",세광 양대창 수서점,37.4970041,127.0298544,고기,2.8,4,31
금호동4가,"서울특별시 강남구 강남대로94길 54, 2층 A호 (역삼동)",최강삼겹,37.5002582,127.0317435,고기,4.5,2,4
잠실동,서울특별시 강남구 강남대로62길 35 (역삼동),새내골,37.4910993,127.0343687,고기,5,1,3
봉천동,"서울특별시 강남구 강남대로154길 12, 지하1층 (신사동)",진미곱창,37.5175757,127.0204035,고기,3.8,11,21
목동,"서울특별시 강남구 강남대로100길 10, 지상1층 (역삼동)",우리동네대통령 오목교점,37.5016418,127.0268898,고기,2.3,4,19
방배동,"서울특별시 강남구 강남대로114길 20, 지하1층 9호 (논현동)",나인피스그릴,37.5059255,127.0258748,고기,5,6,32
상계동,"서울특별시 강남구 강남대로152길 17 (신사동,지상1,2층)",마포숯불갈비,37.5175141,127.0208143,고기,5,1,0
남영동,"서울특별시 강남구 강남대로114길 20, 지하2층 (논현동)",화양연가,37.5059255,127.0258748,고기,4.3,27,30
창동,"서울특별시 강남구 강남대로62길 26 (역삼동,지상2층)",창동갈비,37.4906393,127.0337063,고기,0,0,2
창동,"서울특별시 강남구 강남대로152길 67 (신사동,지상1층)",논두렁,37.5190083,127.0245403,고기,5,1,0
상계동,서울특별시 강남구 강남대로150길 12 (논현동),멍텅구리숯불구이,37.5158529,127.0209184,고기,5,2,0
독산동,"서울특별시 강남구 강남대로94길 34 (역삼동,케이앤와이빌딩지하2층)",예원우돈숯불구이,37.4997581,127.0300304,고기,0,0,0
문래동4가,"서울특별시 강남구 강남대로112길 33 (논현동, 지상1층)",망원소금구이,37.5060692,127.0270522,고기,5,3,9
창동,"서울특별시 강남구 강남대로94길 23 (역삼동,지상3층)",명여사 해물칼국수,37.4997576,127.0292119,고기,0,0,0
가산동,"서울특별시 강남구 강남대로124길 3-6, 호은빌딩 2층 (논현동)",농장사람들,37.509078,127.0230903,고기,4.5,6,259
남영동,"서울특별시 강남구 강남대로100길 10 (역삼동,지하1층)",세자매삼겹살,37.5016418,127.0268898,고기,0,0,0
신림동,"서울특별시 강남구 강남대로160길 21 (신사동,지상1층)",아재포차,37.519777,127.0205147,고기,1,2,135
구의동,"서울특별시 강남구 강남대로128길 10 (논현동,신도빌딩 지상3층)",램니쿠야,37.5098224,127.0230833,고기,4.8,6,48
가산동,"서울특별시 강남구 강남대로152길 23, 1층 (신사동)",한우마당,37.5176911,127.0212391,고기,5,2,10
길동,"서울특별시 강남구 강남대로122길 26, 지상1층 (논현동)",조선돈까스,37.5082284,127.0251752,고기,0,0,0
역삼동,"서울특별시 강남구 강남대로 240, 양재SK허브프리모 지상1층 109호일부,110호 (도곡동)",다몽집,37.4852658,127.0344506,고기,4.3,7,79
공릉동,"서울특별시 강남구 강남대로94길 21, 지하1층 (역삼동)",춘천 숯불 닭갈비,37.4997359,127.0289802,고기,0,0,2
쌍문동,"서울특별시 강남구 강남대로66길 36 (역삼동,지하1층101호)",우와곱창,37.4924037,127.0337986,고기,2,1,1
미아동,서울특별시 강남구 강남대로94길 23 (역삼동),순돌이네 연탄집,37.4997576,127.0292119,고기,4,1,1
창동,"서울특별시 강남구 강남대로154길 43 (신사동,지상1층102호)",최부자집,37.5186793,127.0224176,고기,0,0,1
응암동,서울특별시 강남구 강남대로 632 (신사동),엉터리생고기,37.5179831,127.0193626,고기,4.6,14,14
방이동,서울특별시 강남구 강남대로112길 30 (논현동),제주곳간,37.5057359,127.0268251,고기,3.7,6,60
미아동,"서울특별시 강남구 강남대로124길 10 (논현동,지상2층)",쑥맥,37.508859,127.0235041,고기,4,4,89
이태원동,"서울특별시 강남구 강남대로 596, 지상1층 (논현동)",돼지집,37.5150269,127.020372,고기,4,13,107
원효로1가,"서울특별시 강남구 강남대로 622 (신사동,지층)",일공오삼겹살,37.5173114,127.0196503,고기,4.2,9,28
월계동,"서울특별시 강남구 강남대로122길 16, 지상1층 (논현동)",제주본가석계일번지타운,37.5080184,127.0244054,고기,3,2,1
방학동,서울특별시 강남구 강남대로152길 64 (신사동),하남돼지집,37.5187607,127.0244724,고기,4.8,10,10
이문동,"서울특별시 강남구 강남대로124길 12, 1층 (논현동)",영수네고기세상,37.508879,127.0236324,고기,4.5,2,0
목동,"서울특별시 강남구 강남대로 616, 신사미타워 1층 103호 (신사동)",맛있는청춘,37.5168437,127.0198235,고기,5,2,0
창동,"서울특별시 강남구 강남대로152길 44 (신사동,지상1층)",본가  솥뚜껑 생 삼겹살,37.5180629,127.022894,고기,3,5,8
가산동,"서울특별시 강남구 강남대로150길 12 (논현동,1층나호)",미소삼겹살데이,37.5158529,127.0209184,고기,3,3,9
가산동,"서울특별시 강남구 강남대로124길 74, 지상1층, 101호 일부 (논현동)",고기식당,37.5113129,127.0275761,고기,2.7,10,25
응암동,"서울특별시 강남구 강남대로 502, 지하1층 (논현동)",92닭숯불바베큐,37.5071435,127.0236892,고기,5,1,4
흑석동,"서울특별시 강남구 강남대로132길 5 (논현동,지상1층)",한돈신,37.5122516,127.0215677,고기,4.4,5,2
쌍문동,"서울특별시 강남구 강남대로42길 18 (도곡동,지하1층)",덩어리,37.4853059,127.0354193,고기,3.6,12,83
수유동,"서울특별시 강남구 강남대로122길 6 (논현동,지상1층)",무한리필,37.5075046,127.023874,고기,0,0,1
원효로1가,"서울특별시 강남구 강남대로 520, 영동빌딩 지상2층 3호중 213호 (논현동)",박사네등심,37.5086776,127.0230647,고기,3.8,5,3
동선동5가,"서울특별시 강남구 강남대로84길 26, 지상2층 (역삼동)",육백집,37.49695,127.0307706,고기,3,4,62
노량진동,"서울특별시 강남구 강남대로154길 16, 1층 101호 (신사동)",흥부네숯불갈비,37.517633,127.020557,고기,3.8,6,3
한남동,"서울특별시 강남구 강남대로 588, 2층 (논현동, 렉스관광호텔)",세미계,37.5143602,127.0204684,고기,3.2,56,158
천호동,"서울특별시 강남구 강남대로122길 30, 1층 (논현동)",정연,37.5083324,127.0254164,고기,0,0,2
흑석동,"서울특별시 강남구 강남대로94길 27 (역삼동,지상1층)",엉터리생고기 중앙대점,37.4998645,127.029522,고기,3.3,6,15
도봉동,서울특별시 강남구 강남대로58길 21 (도곡동),"항아리갈비,묵은지삼겹살",37.4897047,127.0338183,고기,0,0,1
미아동,"서울특별시 강남구 강남대로124길 20 (논현동,지상1층 101호)",돈킴,37.509054,127.0242365,고기,5,21,86
중계동,"서울특별시 강남구 강남대로152길 24, 지상1층 (신사동)",천우가,37.5174948,127.0214292,고기,5,1,12
이태원동,"서울특별시 강남구 강남대로102길 13-5 (역삼동,지하1층)",소끗집,37.5022941,127.0267468,고기,3.7,7,44
용답동,서울특별시 강남구 강남대로78길 27 (역삼동),못말리는 우동,37.4955043,127.0314654,고기,3.6,6,2
저동2가,"서울특별시 강남구 강남대로118길 47, 지상2층 (논현동)",고고곱창,37.507503,127.0268207,고기,4.7,23,11
신정동,"서울특별시 강남구 강남대로 520, 지상2층 1호 (논현동, 영동빌딩)",아마또,37.5086776,127.0230647,고기,4.5,10,9
신당동,"서울특별시 강남구 강남대로122길 10, 1층 101-1호 (논현동)",백하 돼지생갈비,37.5076373,127.0240808,고기,4.3,3,8
노량진동,"서울특별시 강남구 강남대로122길 6, 1층 (논현동)",대한해물,37.5075046,127.023874,고기,2.5,30,16
공릉동,"서울특별시 강남구 강남대로132길 53 (논현동,지상5층)",82wa 김치솥뚜껑 삼겹살,37.5132985,127.0252912,고기,4,1,1
길동,"서울특별시 강남구 강남대로84길 15, 지하1층 B114호 (역삼동, 강남역효성해링턴타워더퍼스트)",조선양대창,37.4970041,127.0298544,고기,5,3,1
미아동,"서울특별시 강남구 강남대로136길 5-4, 지하1층 13호 (논현동)",숯불위의 저팔계,37.5133317,127.0213464,고기,5,1,27
원효로2가,"서울특별시 강남구 강남대로118길 45, 지상1,지상2층 (논현동)",용산집,37.5074331,127.0266925,고기,0,0,1
신림동,"서울특별시 강남구 강남대로158길 27, 1,2층 (신사동)",짱구한식분식,37.5195074,127.0208967,고기,0,0,0
장위동,"서울특별시 강남구 강남대로116길 37 (논현동,지하1층)",농가축산정육식당,37.5069314,127.026991,고기,3.3,3,2
방학동,"서울특별시 강남구 강남대로106길 7, 2층 (역삼동)",아는남자,37.5029758,127.0262365,고기,5,2,1
독산동,"서울특별시 강남구 강남대로122길 15, 상당빌딩 지상4층 (논현동)",문경새재,37.5081262,127.0241801,고기,5,6,0
길음동,"서울특별시 강남구 강남대로118길 15, 2층 (논현동)",도니락,37.5067882,127.0247255,고기,5,2,16
마곡동,"서울특별시 강남구 강남대로120길 31, 지상1층 102호,103호 (논현동)",조선화로집,37.507636,127.0257052,고기,0,0,24
상계동,"서울특별시 강남구 강남대로136길 5-4, 지하1층 6호 (논현동)",하이포크생숯불구이,37.5133317,127.0213464,고기,0,0,0
신월동,서울특별시 강남구 강남대로62길 30 (역삼동),접시고기,37.4907555,127.0340589,고기,5,3,8
상계동,"서울특별시 강남구 강남대로84길 36, 2,3층 (역삼동)",수락갓장어,37.4971318,127.031526,고기,0,0,0
봉천동,"서울특별시 강남구 강남대로42길 11 (도곡동,지상1층)",너랑나랑,37.485444,127.0349327,고기,0,0,0
도봉동,"서울특별시 강남구 강남대로66길 8 (역삼동,지상2층)",원조깡통,37.4917204,127.031604,고기,3.3,4,5
연희동,"서울특별시 강남구 강남대로118길 14 (논현동,지상4층)",더양,37.5064423,127.024774,고기,4.8,4,3
신림동,"서울특별시 강남구 강남대로162길 40, 지상1층 201호 (신사동)",한우정육마당,37.5207053,127.0216092,고기,4.2,33,46
동선동2가,"서울특별시 강남구 강남대로62길 38 (역삼동,동림빌딩1층)",계모임,37.4909662,127.0346906,고기,4.8,5,59
홍제동,서울특별시 강남구 강남대로114길 21 (논현동),정육식당,37.5062364,127.0259965,고기,3.3,6,11
염창동,"서울특별시 강남구 강남대로120길 13, 지상2층 (논현동)",브라보앵거스,37.5072411,127.0245226,고기,4,1,2
녹번동,"서울특별시 강남구 강남대로 508, 영동월드빌딩 지상2층 1호 (논현동)",벙구갈비,37.507679,127.0234943,고기,3.8,13,5
서계동,"서울특별시 강남구 강남대로 358, 강남358타워 1층 (역삼동)",왕대박생고기집,37.4950692,127.0298087,고기,0,0,0
서초동,"서울특별시 강남구 강남대로112길 29, 1층 (논현동)",최가네,37.5059854,127.0267542,고기,0,0,13
신대방동,"서울특별시 강남구 강남대로128길 84, 1층 (논현동)",공원양꼬치,37.5124003,127.0281355,고기,0,0,1
논현동,"서울특별시 강남구 강남대로94길 19 (역삼동,지상1층)",돈슐랭,37.4996935,127.0287701,고기,5,1,4
목동,"서울특별시 강남구 강남대로 330, 지하1층 (역삼동, 우덕빌딩)",새벽숯불가든 목동점,37.4926879,127.0306509,고기,5,2,13
신림동,"서울특별시 강남구 강남대로78길 25, 지상2층 (역삼동)",신림집,37.4954383,127.0312865,고기,3,5,84
녹번동,"서울특별시 강남구 강남대로 494, 지상2층 (논현동)",명진양꼬치,37.5064043,127.0241345,고기,0,0,3
독산동,"서울특별시 강남구 강남대로126길 26, 지하1층 01호 (논현동)",웰컴투돈막골,37.5097145,127.0246982,고기,0,0,1
수유동,"서울특별시 강남구 강남대로124길 35, 지상1층 103호 (논현동)",대패상회 수유점,37.5093942,127.0253526,고기,0,0,3
쌍문동,"서울특별시 강남구 강남대로152길 67, 지상2층 201호 (신사동)",채선당,37.5190083,127.0245403,고기,2.7,10,11
공릉동,서울특별시 강남구 강남대로106길 7 (역삼동),미우가,37.5029758,127.0262365,고기,0,0,0
보광동,"서울특별시 강남구 강남대로 620 (신사동,지상1층)",백년손님,37.5171485,127.0197123,고기,2.9,17,5
봉천동,"서울특별시 강남구 강남대로158길 11, 지상1층 (신사동)",화로숯불구이 돈마을,37.5189849,127.0199324,고기,3.8,4,5
성수동1가,서울특별시 강남구 강남대로96길 11 (역삼동),고집132 성수본점,37.4999241,127.0279241,고기,4.8,8,66
서초동,"서울특별시 강남구 강남대로110길 13, 2,3층 (역삼동)",칠프로 칠백식당 교대점,37.504037,127.0259474,고기,0,0,70
상계동,"서울특별시 강남구 강남대로152길 46, 지상2층 (신사동)",오목참숯불생고기,37.5181781,127.0229983,고기,4,2,4
신월동,"서울특별시 강남구 강남대로94길 86, 지하1층 (역삼동)",호돈,37.500652,127.0341701,고기,4,9,11
신월동,"서울특별시 강남구 강남대로100길 10, 지상1층 (역삼동)",큰손생삼겹살,37.5016418,127.0268898,고기,0,0,0
마장동,서울특별시 강남구 강남대로102길 11 (역삼동),구미호,37.5019226,127.0267526,고기,5,7,3
중곡동,"서울특별시 강남구 강남대로152길 69, 지하 1층 (신사동)",쪽갈비에미치닭,37.519129,127.0247611,고기,0,0,4
용문동,"서울특별시 강남구 강남대로102길 13, 지상2층 (역삼동)",원조숯불통닭바베큐,37.5020433,127.026878,고기,4.8,6,9
성수동1가,"서울특별시 강남구 강남대로94길 21 (역삼동,지상1층)",세븐갈비,37.4997359,127.0289802,고기,0,0,3
회기동,"서울특별시 강남구 강남대로78길 18, 지상1층 (역삼동)",낙원스낵,37.4950391,127.0308946,고기,4.7,3,7
석관동,"서울특별시 강남구 강남대로114길 22, 지상1층 (논현동)",자연숯불화로구이,37.5060362,127.0261485,고기,0,0,17
마곡동,"서울특별시 강남구 강남대로 390 (역삼동,미진프라자21층)",냉삼회관,37.497901,127.028709,고기,4,1,31
신월동,"서울특별시 강남구 강남대로 476 (논현동,지하2층)",하우돈곱창,37.5049158,127.0248029,고기,3.9,7,12
시흥동,"서울특별시 강남구 강남대로128길 10 (논현동,1층)",대왕갈비백반,37.5098224,127.0230833,고기,0,0,1
신림동,"서울특별시 강남구 강남대로160길 28, 지상1층 (신사동)",고봉밥이야기,37.5197653,127.0210604,고기,0,0,0
수유동,"서울특별시 강남구 강남대로158길 16, 지상1층 (신사동)",빠라삐리뽀,37.5188679,127.0202015,고기,0,0,2
창동,"서울특별시 강남구 강남대로 422, 지상1층 (역삼동)",온누림,37.500395,127.0268811,고기,4,3,9
논현동,"서울특별시 강남구 강남대로 382 (역삼동,메리츠타워지하2층)",포크댄스,37.4971261,127.0287132,고기,4.8,17,81
역삼동,"서울특별시 강남구 강남대로 242 (도곡동,지상2층)",삼미대포,37.485373,127.0341031,고기,5,2,38
성수동2가,"서울특별시 강남구 강남대로 480 (논현동,지상1층)",라무진,37.5052903,127.0245552,고기,4.2,15,63
등촌동,"서울특별시 강남구 강남대로84길 32 (역삼동,지상1층)",서민돼지 발산점,37.4970487,127.0311576,고기,5,3,5
상도동,"서울특별시 강남구 강남대로156길 41, 지상1,2층 (신사동)",족발야시장 상도점,37.5191197,127.0222116,고기,5,3,28
신대방동,"서울특별시 강남구 강남대로128길 22, 지하1층 (논현동)",두루33,37.51008,127.0241275,고기,5,2,0
공릉동,"서울특별시 강남구 강남대로136길 5-4, 지하 1층 7호 (논현동)",일등숯불갈비,37.5133317,127.0213464,고기,2.5,2,0
구로동,"서울특별시 강남구 강남대로84길 34, 지상1,2층 (역삼동)",명륜진사갈비 구로고대병원점,37.4970832,127.0313145,고기,0,0,0
등촌동,"서울특별시 강남구 강남대로160길 42, 3층 (신사동)",연고기집,37.5203376,127.022085,고기,3.9,9,10
답십리동,"서울특별시 강남구 강남대로94길 28, 지원빌딩 지하1층 (역삼동)",통칼삼겹살,37.4996515,127.0296218,고기,0,0,3
미아동,"서울특별시 강남구 강남대로94길 87 (역삼동,지상1층)",토고리 옛날막창 소갈비살,37.5009124,127.034255,고기,0,0,0
봉천동,"서울특별시 강남구 강남대로 242, 1층 (도곡동, 크리스탈빌딩)",명륜진사갈비,37.485373,127.0341031,고기,2.3,26,42
시흥동,"서울특별시 강남구 강남대로124길 3-9, 지상1층 (논현동)",장수백숙,37.5093201,127.0228251,고기,0,0,0
신월동,"서울특별시 강남구 강남대로62길 30, 지상1층 101호 (역삼동)",위가네 삼겹살전문점,37.4907555,127.0340589,고기,0,0,4
방학동,서울특별시 강남구 강남대로156길 34 (신사동),양촌리,37.5187022,127.0219486,고기,2.8,6,2
상도동,"서울특별시 강남구 강남대로128길 27 (논현동,지상1층 103호)",상도동 차돌박이,37.5104292,127.0243468,고기,5,3,1
성수동2가,서울특별시 강남구 강남대로94길 18 (역삼동),왕십리꼼닭발,37.4993601,127.0288506,고기,0,0,1
신림동,"서울특별시 강남구 강남대로160길 42 (신사동,지상1층)",고기한판,37.5203376,127.022085,고기,0,1,3
천호동,"서울특별시 강남구 강남대로152길 19, 지상2층 (신사동)",천호고기집,37.5175679,127.0209752,고기,0,0,4
신사동,"서울특별시 강남구 강남대로112길 49, 지상1층 (논현동)",가자,37.50644,127.028263,고기,0,0,0
종암동,"서울특별시 강남구 강남대로118길 31, 지하1층 (논현동)",수오재,37.5071052,127.0256543,고기,5,2,3
신림동,"서울특별시 강남구 강남대로158길 13, 지상1층 101호 (신사동)",불불이불닭발 왕십리불막창,37.5190415,127.0200302,고기,0,0,0
